ISBN,Book-Title,Book-Author,Introduction
0425113965,Inferno! (The Way of the Tiger Series),Mark Smith,"1989, Berkley Pub Group (Mm)"
3492228283,Der Mondscheinliebhaber.,Susanne Mischke,"1999, Piper"
0575034831,Empire of the sun,J. G Ballard,"1984, V. Gollancz"
0882402323,Alaska Bear Tales,Larry Kaniut,"1983, Alaska Northwest Books"
0448014564,The Little Red Ant,Yvonne Hooker,"1984, Price Stern Sloan Pub (J)"
1890208760,Two for Joy,Mary Reed,"2001, Poisoned Pen Press"
0882292714,Aha!: A Puzzle Approach to Creative Thinking,Morgan Worthy,"1977, Burnham Inc Pub"
0142196010,Spellcraft: Practical Spells for Modern Life,Ann-Marie Gallagher,"2001, Penguin Books"
0451194705,Lord Monteith's Gift (Signet Regency Romance),Nancy Butler,"1998, Signet Book"
0061082899,Straight from the Heart (Harper Monogram),Pamela Wallace,"1996, Harper Mass Market Paperbacks (Mm)"
1568843925,Successful Presentations for Dummies,Malcolm Kushner,"1996, John Wiley &amp; Sons"
0241136679,My Name Escapes Me,Alec Guinness,"1996, Hamish Hamilton"
0553298348,Resurrection,Katharine Kerr,"1992, Bantam Books"
0823072525,A Guide to Business Principles and Practices for Interior Designers,Harry Siegel,"1983, Watson-Guptill Publications"
0684809907,LEARNING TO LEARN,Carolyn Olivier,"1996, Fireside"
0836246314,That's What Friends Are for (Changing Picture Books),Mary Engelbreit,"1995, Andrews McMeel Publishing"
0671696025,The Canyon Ranch Health and Fitness Program,Staff of Canyon Ranch,"1990, Simon &amp; Schuster"
0061051586,Carpe Jugulum: A Novel of Discworld,Terry Pratchett,"1999, HarperPrism"
1903458153,Ready to Learn: From Birth to School Readiness,Martyn Rawson,"2002, Hawthorne Books"
0340769688,Decisive Measures,John Nichol,"2000, Hodder &amp; Stoughton General Division"
0385483643,I Can't Wait on God,ALBERT FRENCH,"1998, Doubleday"
0806120428,Tucson: The Life and Times of an American City,C.L. Sonnichsen,"1987, University of Oklahoma Press"
0449983684,Lean Italian Meatless Meals,Anne Casale,"1995, Fawcett Books"
0446978841,Sidetracked home executives: From pigpen to paradise,Pam Young,"1981, Warner Books"
0140431586,Four English Comedies of the Seventeenth and Eighteenth Centuries (English Library),J. M. Morrell,"1982, Penguin USA"
0224048376,An Instance at the Fingerpost,Iain Pears,"1997, Jonathan Cape"
3442280184,H?瞻gar der Schreckliche. H?瞻gars schrecklichste Taten 5.,Dik Browne,"2000, Goldmann"
0889627681,Killing Lana,Leon Whiteson,"2002, Mosaic Press"
0156013673,The Snakebite Survivors' Club: Travels Among Serpents,Jeremy Seal,"2001, Harvest Books"
0821726714,Savage Ecstasy,Janelle Taylor,"1981, Zebra Books"
0142000590,Wide As the Waters: The Story of the English Bible and the Revolution It Inspired,Benson Bobrick,"2002, Penguin Books"
0892819111,The Gospel of Mary Magdalene,Jean-Yves Leloup,"2002, Inner Traditions International"
0345343247,The Murder at the Murder at the Mimosa Inn (Claire Malloy Mysteries (Paperback)),Joan Hess,"1993, Fawcett Books"
0822465035,Return (Double Fastback S. 0. S. Series),Richard Laymon,"1987, Fearon Publishers"
1887394028,Immortal Eyes: A True Journey,J. Danielle Vargo,"1997, Imagine Via Kelli"
0913512540,Hygieia: A Woman's Herbal,Jeannine Parvati Baker,"1979, Freestone Publishing Company"
1931616000,Spirit of the Straightedge: An Elsie Sanders Thriller,Babs Lakey,"2001, Over My Dead Body! Books"
1575665875,Lady of Sherwood,Jennifer Roberson,"2000, Kensington Publishing Corporation"
0938289365,Antietam Campaign: August-September 1862 (Great Campaigns),John Cannan,"1994, Perseus Books Group"
1551668874,Heartbreaker,Linda Howard,"2002, Mira"
0440227275,The Giver,Lois Lowry,"1997, Laurel Leaf"
0449143570,Buchanan's Range War,Jonas Ward,"1980, Fawcett Books"
0446512648,God Game,Andrew M. Greeley,"1986, Warner Books"
042511743X,Into the Valley of Death,H.R.F. Writing As Evelyn Hervey Keating,"1989, Berkley Pub Group"
0312319460,Killer Heels,Sheryl J. Anderson,"2004, St. Martin's Minotaur"
0439329299,It's Raining Pigs and Noodles,Jack Prelutsky,"2001, Scholastic"
0062501895,The Starseed Transmissions,Ken Carey,"1991, HarperSanFrancisco"
0451402669,With Murderous Intent,Robert Hemming,"1991, Onyx Books"
0788016865,Lust of the Heart,Corey Ward,"2000, Fairway Pr"
0440133688,House of God,Samuel Shem,"1981, Dell"
2290319155,Professeur cherche ?穢l?穡ve ayant d?穢sir de sauver le monde,Daniel Quinn,"2002, J'ai lu"
0413602907,Clockwise: A Screenplay (A Methuen paperback),Michael Frayn,"1986, Greenwood Pub Group"
0312168837,Let's Go Britain &amp; Ireland (Let's Go: Britain &amp; Ireland),St Martin's Press,"1998, St Martins Pr"
0749918756,The Encyclopedia of Healing Plants,Chrissie Wildwood,"2000, Piatkus Books"
0684849887,CREATED UNEQUAL : THE CRISIS IN AMERICAN PAY,James Galbraith,"1998, Free Press"
2266083023,La Princesse de Cleve,Madame De Lafayette,"2000, Pocket (FR)"
0312182619,How Did American Slavery Begin: Readings (Historians at Work),Edward Countryman,"1999, Bedford Books"
0140443525,The Gods Will Have Blood (Classics S.),Anatole France,"2004, Penguin Books Ltd"
1902602293,Donal McCann Remembered,Pat Laffan,"2001, New Island Books"
0393041905,Anatomy of an Illness as Perceived by the Patient: Reflections on Healing and Regeneration,Norman Cousins,"2001, W.W. Norton &amp; Company"
1585421286,God is No Laughing Matter: Observations and Objections on the Spiritual Path,Julia Cameron,"2001, Jeremy P. Tarcher"
0060188995,Divorce Poison: Protecting the Parent-Child Bond from a Vindictive Ex,Richard A. Warshak,"2002, ReganBooks"
0385496680,The Anatomy of Buzz: How to Create Word-Of-Mouth Marketing,Emanuel Rosen,"2002, Currency"
0689816138,The Book of Virtues for Young People : A Treasury of Great Moral Stories,William J. Bennett,"1997, Simon &amp; Schuster Children's Publishing"
0140351302,Great Expectations (Puffin Classics),Charles Dickens,"1991, Puffin Books"
0449138348,Long Lavender Look,MacDonald D.,"1982, Not Avail"
0380898039,Red Message,Peter Abrahams,"1986, Avon Books"
0064442705,Sammy the Seal (I Can Read Book 1),Syd Hoff,"2000, HarperTrophy"
0862436443,Bitsh,Eirug Wyn,"2002, Y Lolfa"
0316853291,Corgiville Fair,Tasha Tudor,"1998, Little"
067155865X,79 PARK AVENUE,Harold Robbins,"1985, Pocket"
1577688031,Play Ball,Mercer  Mayer,"2001, MERCER MAYER FIRST READERS"
0731616235,Wanderin Girl,Glenyse Ward,"1990, Hyperion Books"
0964442701,The Great Delaware Sports Book,Doug Gelbert,"1995, Manatee Books"
0140314504,Midnight Fox,Betsy Byars,"1996, Puffin Books"
8495618036,El Misterio De LA Laguna Negra,Thomas Cook,"2000, Ediciones Urano"
0027595102,The CALL OF THE WILD,Jack London,"1970, Simon &amp; Schuster Children's Publishing"
0821742043,Haunted by Love (A Zebra Heartfire Historical Romance),Amber Kaye,"1993, Zebra Books"
0312026455,Stilled life,Mikel Dunham,"1989, St. Martin's Press"
0523413297,The Midnight Flyer,Nancy Cochran,"1982, Pinnacle Books (Mm)"
0968554202,O'Toole and the Dragon,Ted Gouge,"1999, Bunbury Books"
3150007615,Der Abenteuerliche Simplicissimus Teutsc,H Grimmelshausen,"0, Distribooks Int'l+inc"
0451458109,The Iron Tower: The Dark Tide/Shadows of Doom/the Darkest Day,Dennis McKiernan,"2000, Roc"
0133836126,Hand reflexology: Key to perfect health,Mildred Carter,"1975, Parker Pub. Co"
0440459516,The Not-Just-Anybody Family,Betsy Byars,"1987, Yearling Books"
0688147178,The Importance of Living,Yutang Lin,"1996, William Morrow &amp; Company"
0688066496,Grand Opening,Jon Hassler,"1987, Harpercollins"
0345346718,Murder by Impulse,D.R. Meredith,"1993, Fawcett Books"
0380755076,Soul's Aflame,Patricia Hagan,"1980, Harper Mass Market Paperbacks (Mm)"
038533558X,Gone For Good,HARLAN COBEN,"2002, Delacorte Press"
0747504687,The Alchemist,Mark Illis,"1990, Bloomsbury Publishing Plc"
0843948787,The Agreement (Secret Fires),Constance O'Banyon,"2001, Leisure Books"
0340672765,Secret Room Sleepover 1,Siamon,"1999, Trafalgar Square Books"
0486221075,Sing Song: A Nursery Rhyme Book,Christina Georgina Rossetti,"1969, Dover Publications"
0553232495,Second Twelve Months of Life (Second Twelve Months of Life),Frank Caplan,"1980, Bantam Books"
0141800992,Cold Comfort Farm,Stella Gibbons,"1999, Penguin Audiobooks"
0806981709,The Runic Workbook: Understanding and Using the Power of Runes,Tony Willis,"1996, Sterling Pub Co Inc"
0142300705,A Year Down Yonder,Richard Peck,"2002, Puffin Books"
0671546112,SWEET SHOP OWNER (Washington Square Press),Graham Swift,"1985, Pocket"
0804102333,Bonepile,Gaylord Dold,"1988, Ivy Books"
034531073X,Joy of Living -Op/47,Willard Scott,"1983, Ballantine Books"
067131825X,Telempath,Spider Robinson,"2001, Baen Books"
0881791326,The Elements of Typographic Style,Robert Bringhurst,"2002, Hartley &amp; Marks Publishers"
0525477950,Alexandria Quartet (Boxed),Lawrence Durrell,"1975, Dutton Books"
0894808591,The Good Luck Pony/Book and Necklace: Story and Pictures (Magic Charm Book),Eliz Koda-Callan,"1990, Workman Publishing"
1857984137,Aliens Omnibus: Earth Hive / Nightmare Asylum,Steve Perry,"1995, Orion Publishing Co"
0812562860,Riders in the Sky,Charles Grant,"2000, Tor Books"
0156710471,Parting Company: How to Survive the Loss of a Job and Find Another Successfully,William J. Morin,"1991, Harcourt"
958614304X,La isla de la pasi籀n (Colecci籀n Autores colombianos),Laura Restrepo,"1989, Planeta"
0446524514,Act of God,Susan R. Sloan,"2002, Warner Books"
0375712992,The Best American Crime Writing: 2002 Edition : The Year's Best True Crime Reporting (Best American Crime Writing),OTTO PENZLER,"2002, Vintage"
0130127310,A Handbook to Literature (8th Edition),William Harmon,"1999, Prentice Hall"
0671457918,Riders of the Purple Sage,Zane Grey,"1995, Pocket"
0890878358,The Totally Nuts Cookbook (Totally Cookbooks),Helene Siegel,"1997, Celestial Arts"
0887306497,The Common Table: Reflections and Meditations on Community and Spirituality in the Workplace,John Cowan,"1993, Harpercollins"
0373227175,Intimate Strangers  (43 Light Street),Rebecca York,"2003, Harlequin"
0803495269,A Will of Her Own (Season of the Wilde Flowers Romance),Patricia Degroot,"2002, Thomas Bouregy &amp; Co"
0140587373,The cave after saltwater tide (Australian poetry series),David P Reiter,"1994, Viking Penguin"
0752515187,The Life and Times of Monet,Edmund Swinglehurst,"0, Parragon Publishing"
1568650922,Master of the Game,Sidney Sheldon,"1994, Doubleday Books"
0707102014,The marine aquarium for the home aquarist,Robert F O'Connell,"1969, Gifford"
0689866682,Royally Jacked,Niki Burnham,"2004, Simon Pulse"
3499197928,Wege zum Wunschgewicht. Schlank und gesund mit dem Kombi- Programm.,Herbert Jost,"1995, Rowohlt Tb."
0330345605,Last Orders,Graham Swift,"0, Picador"
0883680971,All of Grace,C.H. Spurgeon,"1981, Whitaker House"
0806621516,Bringing Out the Best in People: How to Enjoy Helping Others Excel,Alan McGinnis,"1985, Augsburg Fortress Publishers"
8425323363,Cuando Late UN Corazon,Steel,"1994, Lectorum Pubns (J)"
0862783860,Green Card Blues,Shay Healy,"1998, Irish American Book Company"
0842317074,Common Sense Parenting,Kent Hughes,"1996, Tyndale House Pub"
0312912781,Anatomy of a Murder,Robert Traver,"1988, St Martins Pr (Mm)"
207042569X,Spider,Patrick McGrath,"2002, Gallimard"
0805071482,Lady: My Life as a Bitch,Melvin Burgess,"2002, Henry Holt &amp; Company"
1557732183,Savage Whispers,Cassie Edwards,"1989, Jove Books"
1566473195,The Tattoo,Chris McKinney,"1999, Booklines Hawaii Ltd"
0812555066,Cat in a Diamond Dazzle : A Midnight Louie Mystery (A Midnight Louie Mystery),Carole Nelson Douglas,"1997, Tor Books"
0140430636,Bleak House (English Library),Charles Dickens,"1971, Penguin USA"
0380765942,Ice by Ice: The Vanilla Ice Story in His Own Words,Vanilla Ice,"1991, Avon Books"
0671875760,Tarnished gold,V. C Andrews,"1996, Pocket Books"
048620247X,Cryptography : The Science of Secret Writing,Laurence D. Smith,"1955, Dover Publications"
0821733354,Love's Sweetest Secret,Gina Robins,"1991, Kensington Pub Corp (Mm)"
0385123671,The ants who took away time,William Kotzwinkle,"1978, Doubleday"
009156221X,The British/American dictionary,Norman Moss,"1984, Hutchinson"
0801010373,How Strong Is God? (Danny D Books),Stuart Briscoe,"1993, Baker Pub Group"
0140447539,L'Assommoir: The Dram Shop (Penguin Classics),Emile Zola,"2001, Penguin Books"
0446524115,The View from Babylon : The Notes of a Hollywood Voyeur,Donald Rawley,"1999, Warner Books"
0674008758,Public Vows: A History of Marriage and the Nation,Nancy F. Cott,"2002, Harvard University Press"
0942237099,Gifts That Taste Good,Leisure Arts,"1990, Leisure Arts Inc."
0395470897,Dukakis: An American Odyssey,Charles Kenney,"1988, Houghton Mifflin"
354825053X,Sommer am See.,Kathleen Gilles Seidel,"2001, Ullstein Tb"
0786867272,Too Much of a Good Thing: Raising Children of Character in an Indulgent Age,Daniel J. Kindlon,"2001, Miramax"
088264002X,With God in Solitary Confinement,Richard Wurmbrand,"1979, Living Sacrifice Book Co"
006008166X,The Second Coming of Lucy Hatch,Marsha Moyer,"2003, Avon Trade"
0523419562,Every Secret Thing,Patricia Campbell Hearst,"1982, Pinnacle Books"
0805463496,The Mind of Christ: The Transforming Power of Thinking His Thoughts,W. Hunt,"1997, Broadman &amp; Holman Publishers"
0906399319,Another country,Julian Mitchell,"1982, Amber Lane Press"
0865714487,Dumbing Us Down: The Hidden Curriculum of Compulsory Schooling,John Taylor Gatto,"2002, New Society Publishers"
0330334689,Misreadings,Umberto Eco,"1994, Macmillan Pub Ltd"
0553584685,No Good Deed,MANDA SCOTT,"2003, Bantam"
0261104012,J.R.R.Tolkien,Tom Shippey,"2001, HarperCollins"
0373111053,Substitute Lover (Harlequin Presents),Penny Jordan,"1988, Harlequin"
0842338810,Mission Possible,Marilyn Laszlo,"1998, Tyndale House Publishers"
3503061150,Einf?翹hrung in die Systematische Filmanalyse. Ein Arbeitsbuch.,Helmut Korte,"2001, Schmidt"
8483102374,LA Leona Blanca/the White Lioness (Andanzas),Henning Mankell,"2003, Tusquets"
9029537353,Zuiderkruis: Roman,Pauline Slot,"1999, Arbeiderspers"
0399141294,Before Women Had Wings,Connie May Fowler,"1996, Putnam Publishing Group"
0345388186,The Lays of Beleriand (The History of Middle-Earth - Volume 3),J. R. R. Tolkien,"1994, Del Rey Books"
0679403612,Saint Maybe,Anne Tyler,"1991, Random House Inc"
1876756365,The Falling Woman,Susan Hawthorne,"2003, Spinifex Press"
0749311444,If...goes Down the John,Steve Bell,"1992, Arrow (A Division of Random House Group)"
3423361107,Mein irisches Tagebuch.,Ralph Giordano,"1999, Dtv"
0892551879,First Sightings: Contemporary Stories of American Youth,John Loughery,"1993, Persea Books"
0813384931,Latin American Politics and Development,Howard J. Wiarda,"1996, Perseus Books"
0892967080,A Trust Betrayed,Candace M. Robb,"2001, Warner Books"
0671669141,PERICLES,William Shakespeare,"1988, Washington Square Press"
0070096317,Bulletproof Documentation: Creating Quality Through Testing,Dorothy L. Cady,"1995, McGraw-Hill"
088001654X,Fail Safe,Eugene Burdick,"1999, Ecco"
0451409736,The Death of Innocence: Jonbenet's Parents Tell Their Story,John Ramsey,"2001, Onyx Books"
3518115073,Grauzone morgens: Gedichte (Edition Suhrkamp),Durs Gr羹nbein,"1988, Suhrkamp"
0312964080,The Old Spanish Trail (The Trail Drive),Ralph Compton,"1998, St. Martin's Paperbacks"
0440017025,Death in April -Op/38,Andrew M. Greeley,"1984, Dell Publishing Company"
0449206874,One Fine Day the Rabbi Bought a Cross,Harry Kemelman,"1990, Fawcett Books"
0449211703,The Dark Shore,Susan Howatch,"1986, Fawcett Books"
1874061149,The Queen's Gambit,Walter Tevis,"1996, Texas Bookman"
1575667150,Fashion Victim: A Dallas O'Connor Mystery (Dallas O'Connor Mysteries),Chloe Green,"2002, Kensington Publishing Corporation"
0451204476,Ordeal by the Sea : The Tragedy of the U.S.S Indianapolis,Thomas Helm,"2001, Signet Book"
0804715092,William Morris: Romantic to Revolutionary,E. P. Thompson,"1988, Stanford University Press"
0451628373,May Your Days Be Merry &amp; Bright: And Other Christmas Stories by Women,Susan Koppelman,"1997, Signet Book"
0761502416,Windows 95 Easy Installation Guide,Andrew Reese,"1995, Premier Press"
8420700150,Guia Fantastica,Sennell,"0, Grupo Anaya"
0375702172,Paradise (Random House Large Print),Toni Morrison,"1998, Random House Large Print Publishing"
0380811820,Kontinent 4: Contemporary Russian Writers,George Bailey,"1982, Avon Books"
2290044369,Le Champ De Personne,Daniel Picouly,"0, Editions 84"
1400040930,Of Paradise and Power: America and Europe in the New World Order,Robert Kagan,"2003, Alfred A. Knopf"
0373025548,Catch A Star (Harlequin Romance),Alexandra Scott,"1983, Harlequin"
0439448328,I Love to Read! (Four Original Stories for Independent Readers),Rachel Vail,"2002, Scholastic"
3455026885,Hannibal,Thomas Harris,"1999, Hoffmann &amp; Campe"
0671602985,Royal Feud: The Dark Side of the Love Story of the Century,Michael Thornton,"1985, Simon &amp; Schuster"
0826405134,The Sexual Politics of Meat: A Feminist-Vegetarian Critical Theory,Carol J. Adams,"1991, Continuum Intl Pub Group"
0140422226,Walt Whitman: The Complete Poems (Penguin Classics),Francis Murphy,"1990, Penguin Books"
3548256171,In blindem Zorn. Jubil?瞻umsausgabe.,Peter Robinson,"2003, Ullstein Tb"
0385064780,Curiosity didn't kill the cat,M. K Wren,"1973, Published for the Crime Club by Doubleday"
0375714189,The Charioteer: A Novel,Mary Renault,"2003, Vintage Books USA"
0891094245,Her Name Is Woman: Book 2 (Her Name is Woman),Gien Karssen,"1977, Navpress Publishing Group"
0425157822,Goose in the Pond (Goose in the Pond),Earlene Fowler,"1997, Berkley Publishing Group"
0878770828,The Egyptian Gods: A Handbook,Alan W. Shorter,"1985, Career Pr Inc"
0886778999,The Golden Key (Daw Book Collectors),Melanie Rawn,"2000, Daw Books"
0345302613,The Land Endures,Mary Emily Pearce,"1984, Ballantine Books"
0394851048,The Case of the Missing Hat: Starring Jim Henson's Muppets,Greg Williams,"1982, Random House Children's Books"
0914697242,Mastering largemouth bass (Fishing club library),Larry Larsen,"1989, North American Fishing Club"
0449142728,Heather,Byers,"1979, Fawcett Books"
0671550578,The STAR GROUP PAPERBACK,Christopher Pike,"1997, Simon Pulse"
0878770127,Numerology made plain (A Newcastle occult book ; P-12),Ariel Yvon Taylor,"1973, Newcastle Pub. Co"
0394925610,Walt Disney's Gulliver Mickey. (Disney's Wonderful World of Reading ; 27),Walt Disney,"1975, Random House Children's Books"
0440222028,Simisola,Ruth Rendell,"1996, Dell"
3442454875,Auf Ehre und Gewissen. Roman.,Elizabeth George,"2002, Goldmann"
0413156109,Accidental Death of an Anarchist,Dario Fo,"2002, Methuen"
0765300648,Goliath,Steve Alten,"2002, Forge"
0684874350,ANGELA'S ASHES,Frank McCourt,"1996, Scribner"
0312913508,The Pack,John G. Fuller,"1989, St. Martin's Press"
0525245391,The Color of Blood (A William Abrahams Book),Brian Moore,"1987, Penguin USA"
0207178550,Book of Thyme,Jackie French,"1993, Harpercollins"
0812507274,Love Talker,Elizabeth Peters,"1990, Tor Books (Mm)"
060303294X,The Naughtiest Girl Is a Monitor,Enid Blyton,"1990, Egmont Childrens Books"
0307021505,David and Goliath (Little Golden Book),Barbara Shook Hazen,"1974, Western Publishing Company"
0821736140,The Carlton Club,Katherine Stone,"1991, Kensington Pub Corp"
0152944648,The Voyage of the Ludgate Hill: Travels with Robert Louis Stevenson,Nancy Willard,"1987, Harcourt Children's Books"
031219336X,"Some Men Are Lookers : A Continuation of the \Buddies\"" Cycle""",Ethan Mordden,"1998, Stonewall Inn Editions"
0967578841,Get Out of the Way!: How to Identify and Avoid a Driver Under the Influence,Doug Thorburn,"2002, Galt Publishing"
0385156642,Burnout: The High Cost of High Achievement,Herbert J Freudenberger,"1980, Anchor Press"
0061032042,Rebecca's Tale,Sally Beauman,"2002, HarperTorch"
0590436252,With You and Without You,Ann M. Martin,"1989, Scholastic Paperbacks (Mm)"
0849953928,God's Promises Of Prophecy,Jack Van Impe,"1998, J. Countryman"
0586024190,Crystal World,J G Ballard,"0, Hunter Publishing+inc"
3404129547,Kiharu. Memoiren einer Geisha.,Kiharu Nakamura,"1999, L?翹bbe"
0385194226,Night of the Ripper,Robert Block,"1984, Bantam Dell Pub Group"
0696019868,Better Homes and Gardens Grill It Right! (Cooking for today),Better Homes and Gardens,"1993, Meredith Books"
0821771213,To Die for,Melanie George,"2002, Zebra Books"
0553104284,Sunny Chandler's Return,SANDRA BROWN,"2003, Bantam"
0679863729,Afternoon on the Amazon  (Magic Tree House #6),Mary Pope Osborne,"1995, Random House Children's Books"
0306801787,My Wonderful World of Slapstick (Da Capo Paperback),Buster Keaton,"1982, Da Capo Press"
0385498039,My Juliet,John Ed Bradley,"2000, Doubleday Books"
0671476211,M WEBSTR THSRUS,Eve Merriam,"1983, Pocket"
1555235417,One Hundred Amazing Facts on the African Presence in the Bible,Elyahshuv B. Yehuda,"1992, Winston-Derek Publishers"
0099482002,The Proteus Operation,James.P.Hogan,"1989, Time Warner Books UK"
1894004876,The Prairie Gardener's Book of Bugs: A Guide to Living With Common Garden Insects,Nora Bryan,"2003, Fitzhenry &amp; Whiteside Limited"
0877288127,Meditating With the Angels,Sonia Cafe,"1994, Weiser Books"
0061095532,Presidential Deal,Les Standiford,"1999, HarperCollins Publishers"
0062505238,Black Elk: The Sacred Ways of the Lakota (Native American Studies),Wallace Black Elk,"1990, Harpercollins"
0805029796,Invented Voices: Inspired Dialogue for Writers and Readers,Donald Newlove,"1994, Henry Holt &amp; Co"
0966528166,The Magic Life - A Novel Philosophy,Ace Starry,"1998, Rare Bird Pr"
0821754262,Surrender to Love,Heather Moore,"1996, Zebra Books"
9991702156,Oath of Fealty,Larry Niven,"1981, Phantasia Pr"
0809277263,Confessions of a Medical Heretic,Robert S. Mendelsohn,"1979, McGraw-Hill"
0452284139,Dangerous Waters: Modern Piracy and Terror on the High Seas,John S. Burnett,"2003, Plume Books"
0806116013,Kit Carson: A Portrait in Courage,M. Morgan Estergreen,"1980, Univ of Oklahoma Pr (T)"
3614398021,Die Struwwelliese.,Cilly Schmitt-Teichmann,"1994, Egmont Pestalozzi"
0399140751,The Cat Who Said Cheese,Lilian Jackson Braun,"1996, Putnam Pub Group"
0330247328,Best of Saki (Picador Books),Saki,"2003, Pan Books - Macmillan UK"
0385485050,Prayer: My Soul's Adventure With God : A Spiritual Autobiography,Robert Schuller,"1996, Image"
0789718022,The Complete Idiot's Guide to Networking,Bill Wagner,"1999, Que"
0672519976,The search for Joseph Tully: A novel,William H Hallahan,"1974, Bobbs-Merrill"
0746006179,Advanced Chess (Usborne Chess Guides),David Norwood,"1991, E.D.C. Publishing"
0156882418,Teaching an Infant to Swim,Virginia H. Newman,"1971, Harvest Books"
080211508x,An Italian Education: The Further Adventures of an Expatriate in Verona,Tim Parks,"1995, Pub Group West"
8474240875,Olympic Moscow,G. Drozdov,"1979, Planeta-Geocolor"
0399225072,Christmas Trolls,Jan Brett,"1993, Putnam Publishing Group"
1893652491,How to Go Almost Anywhere for Almost Nothing,Maureen A. Hennessy,"1999, Writers Club Press"
3770107586,Caspar David Friedrich Leben Und Werk,Jens Christi Jensen,"0, Dumont Buchverlag Koln"
1852301740,The Elements of the Chakras,Naomi Ozaniec,"1991, Element Books Ltd."
0553578774,Night Dogs,Kent Anderson,"1999, Bantam Books"
0553228196,If You Meet Buddah on the Road,Sheldon Kopp,"1982, Bantam Books"
2266088025,Le cercle de la croix,Iain Pears,"1999, Pocket"
0671882988,ROSEBUD : ROSEBUD,Faye Adams,"1994, Pocket"
0435270613,The Return of the Native (Heinemann Guided Readers),Margaret Tarner,"1979, Macmillan Education"
3548265588,Die Verantwortungsgesellschaft. Individualismus und Moral in der heutigen Demokratie.,Amitai Etzioni,"1999, Ullstein Buchverlage GmbH &amp; Co. KG / Ullstein Tas"
3423703148,Griechische Sagen ( Ab 12 J.). Die sch?繞nsten Sagen des klassischen Altertums.,Gustav Schwab,"1998, Dtv"
2070368157,Les jeunes filles,Henry de Montherlant,"1972, Gallimard"
0803253508,Rover,Aphra Behn,"1967, University of Nebraska Press"
1569471339,Hokkaido Highway Blues: Hitchhiking Japan,Will Ferguson,"1998, Soho Press"
067175338X,COOKING WITH COFFEE,Carol Foster,"1992, Fireside"
0440156963,Mother's Helper,Maureen Freely,"1981, Dell Publishing"
0394581377,Chili Dawgs Always Bark at Night,Lewis Grizzard,"1989, Sound Editions"
0931188245,Talking It Out: A Guide to Groups for Abused Women (New Leaf Series),Ginny Nicarthy,"1984, Seal Press (WA)"
1550139991,Storming the Castle: The World of Dora and the Duchess,Jill Downie,"1998, Key Porter Books"
0140131175,The History of Tom Jones,Henry Fielding,"1989, Penguin USA"
0786841672,Ariel's Treasure Hunt (Disney First Readers. Level 1.),Patricia Grossman,"1998, Disney Pr (Jp)"
0425053830,Triplanetary,E. E. Smith,"1982, Berkley Publishing Group"
0394448588,This Perfect Day: A Novel,Ira Levin,"1970, Random House"
0679884092,Best Friends (Life Favors),Kim Anderson,"1997, Random House Childrens Books"
0393029530,Tuva of Bust: Richard Feynman's Last Journey,Ralph Leighton,"1991, W.W. Norton &amp; Company"
0060929960,The Ten Commandments : The Significance of God's Laws in Everyday Life,Laura Schlessinger,"1999, Quill"
0517584859,Exceptional Clearance,William J. Caunitz,"1991, Crown Publishers"
0452281180,Strange Tails: All-Too-True News from the Animal Kingdom,John J. Kohut,"1999, Plume Books"
0879231076,Printer's abecedarium,John O. C McCrillis,"1974, D. R. Godine"
0425160351,Murder Under the Palms (Charlotte Graham Mystery),Stefanie Matteson,"1997, Berkley Publishing Group"
0743223756,Lightning Field: A Novel,Dana Spiotta,"2002, Scribner"
8433924494,Bartleby y Compa~nia (Coleccion Argumentos),Enrique Vila-Matas,"2000, Anagrama"
0679731946,Picturing Will (Vintage Contemporaries),Ann Beattie,"1991, Vintage Books USA"
0449206912,Fly Away Home,Marge Piercy,"1985, Fawcett Books"
1577485955,Fireside Christmas: Four New Inspirational Love Stories from Days Gone,Peggy Darty,"1999, Barbour Publishing"
1551664526,After The Music,Diana Palmer,"1998, Mira"
0786887257,The Don't Sweat Guide for Graduates: Facing New Challenges with Confidence,Editors of Don't Sweat Press,"2002, Hyperion"
075730012X,"We Are Not Afraid: Strength and Courage from the Town That Inspired the #1 Bestseller and Award-Winning Movie \October Sky\""""",Homer Hickam,"2002, Health Communications"
0767904893,Women of the Pleasure Quarters: The Secret History of the Geisha,Lesley Downer,"2001, Broadway Books"
0765342928,Louisiana Hotshot (Talba Wallis),Julie Smith,"2002, Tor Books"
0880887729,Bundle of Joy,Phyllis D'Aprile Alston,"1995, Peter Pauper Pr"
0345457781,Mortal Remains,PETER CLEMENT,"2003, Ballantine Books"
0821730673,This Wild Heart,Patricia Pellicane,"1990, Kensington Pub Corp (Mm)"
0312784201,Tales from the Planet Earth,Frederik Pohl,"1986, St. Martin's Press"
0449242161,Victory on Janus,Andre Norton,"1980, Ballantine Books (Mm)"
1580632068,Be Loved for Who You Really Are: How the Differences Between Men and Women Can Be Turned into the Source of the Very Best Romance You'll Ever Know,Judith Sherven,"2001, Renaissance Books"
0528810944,Rand McNally book of the garden,Peter Seabrook,"1979, Rand McNally"
1569871175,Swiss Family Robinson,Johann David Wyss,"1999, Landoll"
2883532524,Donner du sens ? sa vie,Rosette Poletti,"2001, Jouvence"
0877200173,General Science,J. Albert Mould,"1991, Amsco School Pubns Inc"
0736401512,Toy Story 2,Kathleen Zoehfeld,"1999, RH/Disney"
0312308604,Year's Best Science Fiction: Twentieth Annual Collection,Gardner Dozois,"2003, St. Martin's Press"
340461335X,Monika B. Ich bin nicht mehr eure Tochter.,Monika B.,"1995, L?翹bbe"
0743421566,Shanghai Baby,Wei Hui,"2001, Atria"
0425166899,The Murder of Tutankhamen: A True Story,Bob Brier,"1999, Berkley Publishing Group"
349915711X,Gespensterpferde,Blixen,"0, Rowohlt Taschenbuch Verlag GmbH"
0394731719,Living in the Open: [Poems],Marge Piercy,"1976, Random House Inc"
156836248X,Generous Strangers and Other Moments from My Life,John Skoyles,"1999, Kodansha Amer Inc"
0312952058,Laguna Heat,T. Jefferson Parker,"1993, St. Martin's Paperbacks"
0345342453,Agatha Christie: An Autobiography,Agatha Christie,"1986, Ballantine Books"
0515123900,Spellbound (Magical Love),Trana Mae Simmons,"1998, Jove Books"
055325748X,Zen and the art of Motorcycle Maintenance,Robert Pirsig,"1984, Bantam Books"
1589197984,Uncommon Conversations With God,Reggy Rooney,"2001, Chariot Victor Pub"
039571088X,Old Friends,Tracy Kidder,"1994, Houghton Mifflin Company"
0786001313,Road to the Isle (Denise Little Presents),Megan Davidson,"1995, Pinnacle Books"
0156027607,Solaris,Stanislaw Lem,"2002, Harvest Books"
0843953136,The Year My Life Went Down the Loo,Katie Maxwell,"2003, Leisure Books"
0751532878,What Men Think About Sex,Mark Mason,"2003, Little Brown UK Ltd"
0312311435,Our Lizzie,Anna Jacobs,"2003, Thomas Dunne Books"
0380810719,The Abduction of Julia (An Avon Romance),Karen Hawkins,"2000, Avon"
0744302749,Gypsy Pie,Andre West,"2001, SynergEbooks"
0060245867,If You Give a Mouse a Cookie,Laura Joffe Numeroff,"1985, Laura Geringer"
0679732969,Military Misfortunes: The Anatomy of Failure in War,Eliot A. Cohen,"1991, Anchor Books/Doubleday"
0136291554,Object-Oriented Software Construction (Book/CD-ROM) (2nd Edition),Bertrand Meyer,"2000, Prentice Hall PTR"
0553288423,For the Sake of All Living Things,John M. Del Vecchio,"1991, Bantam Books"
0590477846,Never Hit a Ghost With a Baseball Bat,Eth Clifford,"1994, Scholastic"
1869502078,Magginty (Tui Junior),Gaelyn Gordon,"1996, HarperCollins Publishers (New Zealand)"
3426776545,Die F?翹nf Tibeter.,Peter Kelder,"2002, Droemersche Verlagsanstalt Th. Knaur Nachf."
030758013X,Assorted Small Tray Puzzles,Golden,"1920, Golden Books"
0786863994,The Weight of All Things,Sandra Benitez,"2001, Hyperion"
0671868098,FLOATING CITY,Eric Lustbader,"1995, Pocket"
0439088275,You Can Yo-Yo! Twenty-five tricks to Try!,Bruce Weber,"0, Scholastic Inc"
0020199805,BABYLON REVISITED (A Scribner Classic),F. Scott Fitzgerald,"1988, Scribner Paper Fiction"
0345402316,Crossing over Jordan: A Novel,Linda Beatrice Brown,"1996, One World"
0006474292,Traveling Ladies,Janice Kulyk Keefer,"0, Harpercollins Publisher"
075730088X,Chicken Soup for the Mother &amp; Daughter Soul: Stories to Warm the Heart and Honor the Relationship,Jack Canfield,"2003, Health Communications"
0253208742,Birding in Ohio,Tom Thomson,"1994, Indiana University Press"
0060199008,An American Postal Portrait: A Photographic Legacy,The U.S. Postal Service,"2000, HarperResource"
2253150843,Mensonges au lit,Gaby Hauptmann,"2001, Le Livre de Poche"
0061092886,The Fallen Man (Joe Leaphorn Novels),Tony Hillerman,"1997, HarperTorch"
1557285799,The Made Thing: An Anthology of Contemporary Southern Poetry,Leon Stokesbury,"1999, University of Arkansas Press"
1878977156,Tales for Heart and Mind: The Guided Experiences : A Storybook for Grownups,Paul Tooby,"1993, Latitude Press"
0380698692,The Finishing School,Gail Godwin,"1989, Harper Mass Market Paperbacks (Mm)"
0375757090,The Hearts of Men : A Novel,TRAVIS HUNTER,"2001, One World/Strivers Row"
0312923961,Murder in Boston,Ken Englade,"1990, St Martins Pr (Mm)"
1854871684,Three Great Novels,Thomas Hardy,"0, London Bridge"
1559182148,How to Build the Twinplex Regenerative R,T J Lindsay,"1998, Lindsay Publications Inc"
0451138937,Philosophy: Who Needs It,Ayn Rand,"1985, Signet Book"
0373791372,Some Kind of Sexy (Harlequin Blaze),Jamie Sobrato,"2004, Harlequin"
0771033958,The Canada Trip,Charles Gordon,"1998, McClelland &amp; Stewart"
0763606391,Felix Feels Better,Rosemary Wells,"2001, Candlewick Press (MA)"
1578561930,You Can't Make Me: But I Can Be Persuaded,Cynthia Ulrich Tobias,"1999, Waterbrook Press"
051752760X,The Center of the Cyclone: An Autobiography of Inner Space,John C. Lilly,"1985, Random House Value Pub"
0440940281,It's an Aardvark-Eat-Turtle World,Paula Danziger,"1986, Bantam Books (Mm)"
0861124529,Oliver Twist (Children's Classics),Charles Dickens,"1993, Brimax Books Ltd"
1575665077,Double Dealer: A Bert and Nan Tatum Mystery (Bert &amp; Nan Tatum Mysteries (Hardcover)),Barhara Taylor McCafferty,"2000, Kensington Publishing Corporation"
019283097X,The Master Pipers (The World's Classics),George Sand,"1994, Oxford Univ Pr"
0786882573,Secrets of the Cube : The Ancient Visualization Games That Reveals Your True Self,Annie Gottlieb,"1998, Hyperion"
0380785218,Snow Place to Die : A Bed-and-Breakfast Mystery (Bed-And-Breakfast Mysteries (Paperback)),Mary Daheim,"1998, Avon"
0486656209,Number Theory and Its History (Dover Classics of Science and Mathematics),Oystein Ore,"1988, Dover Publications"
0373712278,Operation: Texas : The Special Agents (Superromance),Roxanne Rustand,"2004, Harlequin"
0671828029,OATH OF FEALTY,Larry Niven,"1982, Pocket"
0312153694,Murder of a Dead Man,Katherine John,"1997, St. Martin's Press"
0590423169,Nothing's Fair in Fifth Grade,Barthe DeClements,"1988, Scholastic"
0064632091,Watson's Classic Book,Louis H. Watson,"1959, HarperResource"
014130636X,Summer of My German Soldier,Bette Greene,"1999, Penguin USA (Paper)"
2226000690,Un printemps arabe,Benoist-M?穢chin,"1974, Albin Michel"
0131629263,Computer Engineering: Hardware Design,M. Morris Mano,"1988, Prentice Hall"
0553353268,Sacrifice,Harold Carlton,"1991, Bantam Books"
0679439013,This Is My Daughter,Roxana Robinson,"1998, Random House Inc"
156597011X,There is a Season (Kismet),Phyllis Houseman,"1992, Meteor Publishing Corporation"
0781269377,Representative Selections (Bcli-Ps American Literature Series),Benjamin Franklin,"1993, Reprint Services Corp"
1568385544,Save My Son: A Mother and a Sheriff Unite to Reclaim the Lives of Addicted Offenders,Maralys Wills,"2000, Hazelden Publishing &amp; Educational Services"
0062540637,Women and the Blues: Passions That Hurt Passions That Heal,Jennifer James,"1988, Harpercollins"
1565924665,Windows 2000 Performance Guide,Mark Friedman,"2002, O'Reilly"
0736602399,Earthlight,Arthur C. Clarke,"1979, Books on Tape"
0449007170,An Anniversary to Die For:  A Susan Henshaw Mystery,Valerie Wolzien,"2002, Fawcett Books"
0891091165,Celebrate the Seasons,Stanley,"1988, Navpress Publishing Group"
0451197682,Shades of Justice,Linda McKeever Bullard,"1999, Onyx Books"
0425098680,Dinner at the Homesick Restaurant,Anne Tyler,"1992, Ivy Books"
380530952X,Official Catalogue of the Egyptian Museum Cairo,Philipp Zabern,"2003, American University in Cairo Press"
0312269609,The Viking Funeral,Stephen J. Cannell,"2001, St. Martin's Press"
1569471460,In the Empire of Dreams,Dianne Highbridge,"1999, Soho Press"
0373121601,Rafael's Love-Child (Harlequin Presents #2160),John N. Walker,"2001, Harlequin"
0226469522,A Jest of God (Phoenix Fiction),Margaret Laurence,"1993, University of Chicago Press"
0786710144,"Sentinels: A \Nameless Detective\"" Novel""",Bill Pronzini,"2002, Carroll &amp; Graf Publishers"
0966269667,Whippoorwill,Sharon Sala,"2003, Loveland Press"
0812572114,Child of an Ancient City,Tad Williams,"1999, Tor Books"
2253007900,Gatsby le Magnifique,F. Scott Fitzgerald,"1976, Livre de Poche"
0821409689,Isak Dinesen: The Life and Imagination of a Seducer,Olga Anastasia Pelensky,"1991, Ohio Univ Pr"
0553143425,Signs of Spring,Laurel Lee,"1981, Bantam Books"
1561710938,Presidential Passions: The Love Affairs of America's Presidents : From Washington and Jefferson to Kennedy and Johnson,Michael John Sullivan,"1994, S.P.I. Books"
3122618400,Maria Stuart. Mit Materialien. (Lernmaterialien),Friedrich von Schiller,"1994, Klett"
0399141669,Catch Your Breath,Jessica Auerbach,"1996, Putnam Pub Group"
3442437172,Der Ku?? der Schlange.,Ruth Rendell,"1997, Goldmann"
0525936807,Interest of Justice,Nancy Taylor Rosenberg,"1993, Penguin USA"
0670866784,Rebound: The Odyssey of Michael Jordan,Bob Greene,"1995, Penguin USA"
0800791126,Women in tune,Betty Malz,"1987, Chosen Books"
0768320208,Little Thoughts With Love (Little Thoughts with Love),Anne Geddes,"1998, Cedco Pub"
0515107476,The Witness,W. E. B. Griffin,"1992, Jove Books"
0451169530,The Stand: Complete and Uncut,Stephen King,"1991, Signet Book"
0811477762,Friends Afloat (Publish-a-Book Series),Jean Pidgeon,"1994, Raintree Pub"
0515031275,James Cagney (Pyramid illustrated history of the movies),Andrew Bergman,"1973, Pyramid"
0919345921,A Witches' Bible: The Complete Witches Handbook,Janet Farrar,"1996, Phoenix Publishing (WA)"
1582402825,Aria: The Soulmarket,Brian Holguin,"2004, Image Comics"
0849930871,Exposing the Myths of Parenthood,David Jeremiah,"1988, Thomas Nelson Inc"
0195128737,The Essential Desk Reference,Oxford University Press,"2002, Oxford University Press"
0374195625,Madras on Rainy Days : A Novel,Samina Ali,"2004, Farrar"
0671567764,Laura,Larry Watson,"2001, Washington Square Press"
0896219003,Midnight Sweets,Bette Pesetsky,"1989, Thorndike Press"
0375507507,Don't Let's Go to the Dogs Tonight: An African Childhood,ALEXANDRA FULLER,"2001, Random House"
0753502267,The Virgin Encyclopedia of the Blues (Virgin Encyclopedias of Popular Music),Colin Larkin,"1998, Virgin Publishing"
0140586857,Songs of the Immortals: An Anthology of Classical Chinese Poetry (Penguin Poetry),Yuan-Chung Hsu,"1994, Penguin USA"
0842343261,The Underground (Left Behind: The Kids #6),Jerry B. Jenkins,"1999, Tyndale House Publishers"
087666513X,Marine Fish,Herbert R. Axelrod,"1988, TFH Publications"
8445074563,Titus Groan,Mervyn Peake,"2003, Planeta Pub Corp"
0262210169,Pricing Life: Why It's Time for Health Care Rationing (Basic Bioethics),Peter A. UbelM.D.,"1999, The MIT Press"
1555046819,Solo's journey,Joy Smith Aiken,"1988, J. Curley"
038081787X,The Maiden Warrior (Avon Romance),Mary Reed McCall,"2002, Avon"
0884412857,The Guide for Cadet and Senior Girl Scout Leaders,Not Applicable (Na ),"1995, Girl Scouts of the USA"
3442726530,Meine Mutter Marlene. Biographie.,Maria Riva,"2000, btb"
159113322X,Visiting Grandma,Debra L. Stang,"2003, Booklocker.com"
0684838362,SCRIBNERS BEST OF THE FICTION WORKSHOPS 1998 (Serial),Carol Shields,"1998, Touchstone"
0380804204,The Deader the Better : A Leo Waterman Mystery (Leo Waterman Mysteries (Paperback)),G.M. Ford,"2001, Avon"
0380705354,Transformation: The Breakthrough,Whitley Strieber,"1997, Harper Mass Market Paperbacks (Mm)"
0684824094,The MUSIC OF LIGHT : THE EXTRAORDINARY STORY OF HIKARI AND KENZABURO OE,Lindsley Cameron,"1998, Free Press"
0696013258,Better Homes and Gardens Step-By-Step Kids Cookbook (Better Homes and Gardens Books),Better Homes and Gardens,"1989, Meredith Books"
0688071813,Anna's Summer Songs,Mary Q. Steele,"1988, Harpercollins Library"
0672307367,Teach Yourself C Programming in 21 Days,Peter G. Aitken,"1995, Sams"
0805009604,Not a Hazardous Sport,Nigel Barley,"1989, Henry Holt &amp; Co"
0307001113,Licensed Charaters Lgb III,Golden Books,"1990, Golden Books"
1570670919,The Saucy Vegetarian,Joanne Stepaniak,"2000, Book Publishing Company (TN)"
0375403175,Les Miserables (Everyman's Library (Cloth)),VICTOR HUGO,"1998, Unknown Publisher - Being Researched"
0151207739,The Complete Poems of Carl Sandburg: Revised and Expanded Edition,Carl Sandburg,"1970, Harcourt"
0752806874,Stealing Beauty,Shirley Lowe,"0, Orion Books"
2267011255,Le Seigneur des anneaux,J.R.R. Tolkien,"2002, Christian Bourgois"
0440224071,Los Alamos: A Novel,Joseph Kanon,"1998, Island"
0345339088,Songs Dist Earth-O M,Arthur Charles Clarke,"1986, Del Rey Books"
0747231575,A Multitude Of Monsters (Ebenezum Trilgy),Shaw Gardner Craig,"1988, Headline"
3548364292,Das erfundene Mittelalter. Die gr?繞??te Zeitf?瞻lschung der Geschichte.,Heribert Illig,"2002, Ullstein Tb"
0671541900,A man and two women: Stories (A Touchstone book),Doris May Lessing,"1984, Simon &amp; Schuster"
0831773715,Religious painting: Christ's passion and crucifixtion in the history of art,Stephanie Brown,"1979, Mayflower Books"
156619816X,The Art of Negotiating,Gerard Nierenberg,"0, Barnes Noble"
0671497235,DEMONS DEN    HB P (Plot-Your-Own-Adventure Stories),Franklin W. Dixon,"1984, Aladdin"
0936015152,Seining the Air for Sparrows,Cecil J. Mullins,"1989, Pocahontas Pr"
225301883X,Les Sept cadrans,Agatha Christie,"2003, Le Livre De Poche"
038087668X,Stormfire,Christine Monson,"1985, Harper Mass Market Paperbacks (Mm)"
1564025888,Haunted Waters,Mary Pope Osborne,"1996, Candlewick Press (MA)"
3499129728,Karussell des Lebens. Roman.,Rosamunde Pilcher,"1991, Rowohlt Tb."
0753810883,Alban Quest,Farley Mowat,"2000, Orion Books"
0312252951,Winter of the Wolf Moon (Alex McKnight Mysteries (Hardcover)),Steve Hamilton,"2000, Thomas Dunne Books"
3499431009,Finstere Gr?翹nde.,Colin Dexter,"1993, Rowohlt Tb."
0525480544,The claiming of Sleeping Beauty: An erotic novel of tenderness and cruelty for the enjoyment of men and women,A. N Roquelaure,"1983, Dutton"
0486232972,The Life and Adventures of Santa Claus,L. Frank Baum,"1976, Dover Publications"
0525446052,The Big Book for Peace,Lloyd Alexander,"1990, Dutton Books"
0380724731,The Cage,Audrey Schulman,"1995, Harper Mass Market Paperbacks (Mm)"
0969305648,Born Hutterite,Samuel Hofer,"1991, Ex Machina Pub. Co."
0914918168,Horoscope Symbols,Robert Hand,"1997, Schiffer Publishing"
0312979649,The Beach Club : A Novel,Elin Hilderbrand,"2001, St. Martin's Paperbacks"
1576739791,The Prayer of Jabez Bible Study,Bruce Wilkinson,"2001, Multnomah"
0071364102,The Disease to Please: Curing the People-Pleasing Syndrome,Harriet B. Braiker,"2000, McGraw-Hill Trade"
0061081116,Loss of Innocence : Loss of Innocence,Chassie West,"1997, HarperTorch"
0307317080,Master Salt the Sailor's Son (Wacky Families),Allan Ahlberg,"1982, Golden Press"
0451206827,The Heir,Catherine Coulter,"2002, Signet Book"
0312969376,Biggie and the Fricasseed Fat Man (Biggie Weatherford),Nancy Bell,"1999, St. Martin's Minotaur"
0679430482,The Visiting Professor,Robert Littell,"1994, Random House Inc"
8484036383,El fantasma de Canterville/El retrato de Dorian Gray/De profundis/La importancia de llamarse Ernesto/El abanico de Lady Windermere,Oscar Wilde,"2000, Edimat Libros"
2253160784,Quatre-vingt treize,Victor Hugo,"2001, Livre de poche"
0062515152,The Book of Secrets: The Way to Wealth and Success - a Fable,Robert J. Petro,"1997, HarperCollins Publishers"
1583141308,Through the Fire (Arabesque),Donna Hill,"2001, Dafina Books"
0689855192,Quarantine,Laura J. Burns,"2003, Simon Spotlight Entertainment"
0749710616,A Little Love Song,Michelle Magorian,"1993, Egmont Childrens Books"
0446613576,Tell Me No Lies,Annie Solomon,"2004, Warner Forever"
0385313551,Alternate Sides: A Nina Fischman Mystery,Marissa Piesman,"1995, Bantam Dell Pub Group"
0590978802,The Diamond Princess Steps Through the Mirror,Jahnna N. Malcolm,"1999, Scholastic"
0345336712,Lady's Time,Alan V. Hewat,"1987, Ballantine Books"
034542820X,Alma Mater,RITA MAE BROWN,"2001, Ballantine Books"
039472285X,The Cool Fire: How to Make It in Television,Bob Shanks,"1977, Random House Inc"
0140620176,Tom Jones (Penguin Popular Classics),Henry Fielding,"1994, Penguin Books Ltd"
1843910101,For a Night of Love,Emile Zola,"2002, Hesperus Press"
0821721798,Shameless Dawn (Heartfire Titles),Jeanne Hansen,"1987, Kensington Pub Corp (Mm)"
0373162464,Partners In Crime,Anne Stuart,"1988, Harlequin"
1565041380,Sons of Ether (Mage),Staff,"1994, White Wolf Pub"
0767909186,You Got Nothing Coming: Notes from a Prison Fish,JIMMY A. LERNER,"2002, Broadway"
0452278252,The Basic Book of Photography (Fourth Edition),Tom Grimm,"1997, Plume Books"
0515104175,Counterattack (The Corps Book 3),W. E. B. Griffin,"1990, Jove Books"
1569716692,Oh My Goddess!: Wrong Number,Kosuke Fujishima,"2002, Dark Horse Comics"
8433906992,La Trilogia de Nueva York,Paul Auster,"1996, Anagrama"
3570206971,G?瞻nsehaut 42. Die Monster vom Fluss. ( Ab 10 J.).,R. L. Stine,"2000, Bertelsmann"
8423970787,El Fantasma de la Opera / Phantom of the Opera,Gaston LeRoux,"1998, Colton Book Imports"
1557488177,Women of the Bible (Value Book),Coleen Reece,"2000, Barbour Bargain Books"
8471544458,Aires da mi簽a terra: E outros poemas (Biblioteca b獺sica da cultura galega),Manuel Curros Enr穩quez,"1983, Editorial Galaxia"
0758204752,His Immortal Embrace,Hannah Howell,"2003, Kensington Publishing Corporation"
1573221309,The Best Thing I Ever Tasted: The Secret of Food,Sallie Tisdale,"2000, Putnam Pub Group"
0609809768,Esquire Presents: What It Feels Like : *To Walk on the Moon*To Be Gored by a Bull*To Survive an Avalanche *To SwallowSwords*To Go Over Niagara Falls in a Barrel*To Be Shot in the Head*To Win the L,A.J. JACOBS,"2003, Three Rivers Press"
0783541147,Growing Your Own Herbs (Time-Life Complete Gardener),Time-Life Books,"1996, Time-Life Books"
3257232861,Alta moda.,Magdalen Nabb,"2001, Diogenes Verlag"
0061056200,Ground Zero (The X-Files),Kevin Anderson,"1995, Harper Mass Market Paperbacks (Mm)"
1892213958,Clover #3,Clamp,"2002, Tokyopop"
1559272384,Devil in a Blue Dress (An Easy Rowlins Mystery),Walter Mosley,"1993, Audio Renaissance"
0523423683,Darklings,Ray Garton,"1985, Pinnacle Books (Mm)"
1882897749,A Mendocino Mystery,Mary Cesario Weaver,"2003, Lost Coast Press"
0803262043,Pellucidar (Bison Frontiers of Imagination),Edgar Rice Burroughs,"2002, University of Nebraska Press"
0698116909,The Pistachio Prescription,Paula Danziger,"1999, Penguin Putnam Books for Young Readers"
0609809474,Banners of Gold : A Novel,PAMELA KAUFMAN,"2002, Three Rivers Press"
0449901572,Loving Each Other: The Challenge of Human Relationships,Leo F. Buscaglia,"1990, Ballantine Books"
1561633240,Remembrance of Things Past: Within a Budding Grove (Remembrance of Things Past),Marcel Proust,"2002, Nantier Beall Minoustchine Publishing"
2070381803,La r?穡gle de l'homme,Joseph Kessel,"1989, Gallimard"
1929976151,Red Card: A Zeke Armstrong Mystery,Daniel J. Hale,"2002, Top Publications"
0070082960,The Unlikely Ones,Mary Brown,"1986, McGraw-Hill"
0314260439,Constitutional Law in a Nutshell (Hornbooks (Hardcover)),Jerome A. Barron,"1986, West Publishing Company"
0440005337,Billy Jo Jive super private eye: The case of the missing ten speed bike,John Shearer,"1976, Delacorte Press"
081670841X,Make Your Own Costumes and Disguises,Judith Conaway,"1987, Troll Communications Llc"
0821744283,Petticoat Pirate,Gwen Cleary,"1994, Kensington Pub Corp (Mm)"
0671684965,KAMIKAZE LEGACY,Jerry Ahern,"1990, Pocket"
1560252561,Shackleton's Forgotten Men: The Untold Tale of an Antarctic Tragedy,Lennard Bickel,"2000, Thunder's Mouth Press"
0552991864,A Kind of Loving (Novel),Stan Barstow,"1986, Transworld Publishers Ltd"
1586212796,The Legacy,D. W. Buffa,"2002, Time Warner Audio Major"
0345227123,Loving Hands at Home,Johnson,"1972, Ballantine Books"
0373614454,Showdown  (Superbolan #45) (Mack Bolan),Don Pendleton,"1995, Gold Eagle"
3596150280,Der Engel an meiner Seite. Gro??druck.,Laura Restrepo,"2001, Fischer (Tb.)"
0440217202,Bait,Kenneth Abel,"1995, Dell Publishing Company"
0385176058,The Quiet Answer,HUGH PRATHER,"1982, Doubleday"
0824825357,Unfolding the Moon: Enacting Women's Kastom in Vanuatu,Lissant Bolton,"2003, University of Hawaii Press"
039440694X,The Seasons of a Man's Life,Daniel J. Levinson,"1978, Alfred A. Knopf"
1557882177,Mable Hoffman's Crockery Cookery,Mable Hoffman,"1995, HP Books"
3216303632,Unter der Sonne: Erz瓣hlungen,Daniel Kehlmann,"1998, Deuticke"
0345305221,The Way of the Wolf,Martin Bell,"1983, Ballantine Books"
0964517167,American Victory: The Real Story of Today's Amway,Shad Helmstetter,"1997, Chapel &amp; Croft Publishing"
0345357027,Rings,Ruth Walker,"1990, Ballantine Books"
2277226580,Echine,Djian,"1995, Editions 84"
0806942002,5-Minute Massage: Quick &amp; Simple Exercises To Reduce Tension &amp; Stress,Robert The,"1995, Sterling Publishing"
0446614866,The Red Diary,Toni Blake,"2004, Warner Forever"
0892962143,Twilight at Mac's Place,Ross Thomas,"1990, Warner Books Inc"
1562790471,Cannibal Eliot and the Lost Histories of San Francisco,Hilton Obenzinger,"1993, Mercury House"
0373056818,Stormeriders (Harlequin Desire No  681),Donna Carlisle,"1991, Silhouette"
0395547903,The Great Ancestor Hunt: The Fun of Finding Out Who You Are,Lila Perl,"1990, Clarion Books"
0758201885,Afterlife,Paul Monette,"2002, Kensington Publishing Corporation"
068483474X,Unwise Passions : A True Story of a Remarkable Woman and the First Great Scandal of 18th Century America,Alan Pell Crawford,"2000, Simon &amp; Schuster"
0965853780,Dont Erase Me Stories,Carolyn Ferrell,"0, Houghton Mifflin Co"
0142000612,Another Shot: How I Relived My Life in Less Than a Year,Joe Kita,"2002, Penguin Books"
0140143882,The Last Human (Red Dwarf),Doug Naylor,"0, Penguin Books Ltd"
3789157031,Jan und Julia verreisen.,Margret Rettich,"1991, Oetinger Verlag"
0517528673,Rabbits' Search for a Little House,Mary Deball Kwitz,"1977, Alfred A. Knopf"
0517596997,Grandmothers Pleasures: A Picture Memory Book,Lois Wyse,"1994, Random House Inc"
0446671029,Old Songs in a New Cafe : Selected Essays,Robert James Waller,"1995, Warner Books"
3492233708,Coq Rouge.,Jan Guillou,"2001, Piper"
0940232588,Overlooked Christianity,Gene Edwards,"1997, Seedsowers"
9600504822,To sopho paidi: Mythistorema (Synchrone Hellenike pezographia),Ch. A Chomenides,"1993, I.D. Kollarou &amp; Sias A.E"
184204043X,Pocket History of Scotland,James MacKay,"2002, Lomond Books"
0440206405,What You Can Do About Diabetes (Dell Medical Library),Norra Tannenhaus,"1997, Dell Publishing Company"
0821720066,Love Song on a Chinese Flute,Charlot Ogilvie,"1987, Kensington Pub Corp (Mm)"
0515095575,A Passion for Glory,Theresa Conway,"1988, Jove Books"
0312266928,Waiting for My Cats to Die: A Morbid Memoir,Stacy Horn,"2001, St. Martin's Press"
0441002447,The Color of Distance,Amy Thomson,"1995, Ace Books"
0449241874,Mirror,Marlys Millhiser,"1980, Fawcett Books"
0671744593,Remembrance,Jude Deveraux,"1994, Pocket Books"
0425196747,Wild Horses,Dick Francis,"2004, Berkley Publishing Group"
0307020878,Problem puppies (A little golden book),Justine Korman,"1986, Western Pub. Co"
0380795124,Be My Baby (Avon Light Contemporary Romances),Susan Andersen,"1999, Avon"
0060922672,The Dream at the End of the World: Paul Bowles and the Literary Renegades in Tangier,Michelle Green,"1992, Harpercollins"
1575662183,The Quotable Vampire,David Proctor,"1997, Kensington Publishing Corporation"
0894805959,The Best of the Journal of Irreproducible Results: \Improbable Investigations &amp," Unfounded Findings\""""","George H. Scherr, 1989"
0451158059,The Scholar's Daughter,April Kihlstrom,"1989, New Amer Library (Mm)"
8437613434,Rimas,Gustavo Adolfo Becquer,"1996, Ediciones Catedra"
0684844834,Illuminated Prayers,Marianne Williamson,"1997, Simon &amp; Schuster"
0449200981,The Demon Lover,Victoria Holt,"1989, Ivy Books"
3499124572,Gef?瞻hrlicher Sommer.,Ernest Hemingway,"1989, Rowohlt Tb."
0425139107,The Black Hope Horror: The True Story of a Haunting,Ben Williams,"1993, Berkley Pub Group"
0316152463,The Frog Princess of Pelham,Ellen Conford,"1997, Little Brown and Company"
0152103457,The Borrowers Afloat,Mary Norton,"1959, Harcourt Children's Books"
0821775367,Whispers on the Wind (Zebra Historical Romance),Brenda K. Jernigan,"2004, Zebra Books"
0440215579,21st Century Dictionary of Computer Terms (21st Century Reference),Gary McClain,"1994, Laurel Editions"
0964819104,Is It All Relative? A Play On Plato's Theatetus,Pierre Grimes,"1995, Hyparxis Press"
3800022664,Hagen von Tronje. Ein Nibelungen- Roman. ( Ab 14 J.).,Wolfgang Hohlbein,"1986, Ueberreuter"
0553213601,Cyrano De Bergerac (Bantam Classics),EDMOND ROSTAND,"1950, Bantam"
1580812309,Barefoot in the Park,Laura Linney,"2002, L.A. Theatre Works"
006018891X,The Man Who Broke Napoleon's Codes,Mark Urban,"2002, HarperCollins Publishers"
1577487656,God's Word For Women (Devotions for Women of Virtue),Barbour Publishing,"2000, Barbour Publishing"
1861051298,The Great Unfrocked: Two Thousand Years of Church Scandal,Matthew Parris,"1999, Robson Books"
081930994X,Sam Sunday and the Strange Disappearance of Chester Cats,Robyn Supraner,"1980, Granite Impex Ltd"
0137982151,The Secrets of Practical Marketing for Small Business,Herman Holtz,"1982, Simon &amp; Schuster"
0060159057,The Reshaping of Everyday Life 1790-1840 (Everyday Life in America),Jack Larkin,"1988, Harpercollins"
0525246800,Fireflies,David Morrell,"1988, Penguin USA"
155659125X,Communion,Primus St. John,"1999, Copper Canyon Press"
0673596435,Sccott Foresman Reading: Imagine That!,Not Available,"2000, Pearson Prentice Hall"
0023888873,American Government Brief Ed.: Roots and Reform,Karen O'Connor,"1992, Prentice Hall"
038572134X,Flirting With Danger: Confessions of a Reluctant War Reporter,Siobhan Darrow,"2002, Anchor Books/Doubleday"
0394502523,And Still I Rise,MAYA ANGELOU,"1978, Random House"
0310221536,How People Grow,Henry Cloud,"2001, Zondervan Publishing Company"
0441010725,Singularity Sky,Charles Stross,"2003, Ace Books"
0939497336,He Intends Victory,Dan Wooding,"1994, Promise Publishing Company"
0840730438,"Taming the Bull: The John \Bull\"" Bramlett Story""",John Bramlett,"1989, Thomas Nelson Inc"
0702212318,Henry Lawson (Studies in Government and Public Policy),Henry Lawson,"1976, University of Queensland Pr (Australia)"
3458326340,Der Sandmann (Insel Taschenbuch),E. T. A Hoffmann,"1986, Insel"
1556233604,Second to None: How Our Smartest Companies Put People First,Charles Garfield,"1991, McGraw-Hill"
0684865068,Westside : Young Men and Hip Hop in L.A.,William Shaw,"2000, Simon &amp; Schuster"
8441412995,Mitos de Cthulhu I . Dagon,Howard Philips Lovecraft,"2003, Edaf"
0385483511,Bad Golf My Way,Leslie Nielsen,"1996, Doubleday Books"
014037468X,Matilda,Roald Dahl,"1996, Puffin Books"
0664257550,Meditations on the Cross,Dietrich Bonhoeffer,"1998, Westminster John Knox Press"
0785268227,Valley Of The Shadow A Novel &lt;br>book One In The Dakota Moons Series,Stephanie Grace Whitson,"2001, WestBow Press"
0352336846,King's Pawn (Black Lace),Ruth Fox,"2002, Black Lace"
0446607479,Pros and Cons : The Criminals Who Play in the NFL,Don Yaeger,"1999, Warner Books"
1561386219,Chocolate: An Exquisite Indulgence (Miniature Edition),Brian Perrin,"1995, Running Press Book Publishers"
0425098400,Celestial Navigation,Anne Tyler,"1993, Ivy Books"
077832057X,Fourth Victim (Mira),Jan Coffey,"2004, Mira Books"
0446599611,Bermuda Triangle,Adi Kent Th Jeffrey,"0, Warner Books> C/o Little Br"
0553805681,Roses For Mama,Janette Oke,"1991, Bethany"
0963749862,Dancing With Devas: Connecting With the Spirits and Elements of Nature,Trish Telesco,"1999, Toad Hall Inc"
0395766877,Deutsch Heute: Grundstufe : Arbeitsheft : Workbook/Lab Manual/Video Workbook,Jack Moeller,"1997, Houghton Mifflin College"
0860916707,Wall Street: How It Works and for Whom,Doug Henwood,"1998, Verso"
1583224890,9-11,Noam Chomsky,"2001, Seven Stories Press"
0281049602,The Pilgrim Continues His Way,R.M. French,"1996, SPCK (Society for Promoting Christian Knowledge)"
0061061522,Along the Dangerous Trail,Bill Gutman,"1993, Harpercollins Juvenile Books"
1853993239,Goethe: Die Leiden Des Jungen Werthers,Johann Wolfgang von Goethe,"1993, Duckworth Publishing"
044158635x,Norby: Robot for Hire (Norby Chronicles),Janet Asimov,"1988, Ace Books"
0670656526,Somebody's sister,Derek Marlowe,"1974, Viking Press"
0819552836,Atlantis: Three Tales,Samuel R. Delany,"1995, Wesleyan University Press"
0226500624,Young Men &amp; Fire,Norman Maclean,"1993, University of Chicago Press"
0843951559,Hunter's Moon (Half-Moon Ranch),Bobbi Smith,"2003, Leisure Books"
0671642677,Some Can Whistle,Larry McMurtry,"1989, Simon &amp; Schuster"
0890095302,Practical Theater: How to Stage Your Own Production,Trevor R. Griffiths,"1984, Quite Specific Media Group"
1888054689,Retro Diner: Comfort Food from the American Roadside,Linda Everett,"2002, Ten Speed Press"
8439718713,Zoopat穩as y zoofilias (Narrativa Mondadori),Javier Tomeo,"1992, Mondadori Espa簽a"
0380007665,Man Who Stole the Atlantic Ocean,Louis Phillips,"1979, Harper Mass Market Paperbacks (Mm)"
0078825598,HTML Prorammer's Reference,Thomas A. Powell,"1998, McGraw-Hill Osborne Media"
1591132177,Outcast,Michael Woods,"2002, Booklocker.com"
0553256033,Startide Rising (Uplift Trilogy),David Brin,"1984, Bantam Books"
0140714839,Richard III,William Shakespeare,"2000, Penguin Books"
2020294540,La peau du tambour,Arturo P?穢rez-Reverte,"1997, Seuil"
1572151854,3D Puzzles,Roger Kean,"1995, World Pubns"
0425137708,Sunset Paradise (Sunset Island Series),Cherie Bennett,"1992, Berkley Publishing Group"
0679420711,Where the Road Bottoms Out: A Collection of Stories,Victoria Redel,"1995, Random House Inc"
0395686660,Knowledge of Angels,Jill Paton Walsh,"1994, Houghton Mifflin Company"
0306806797,Bird Lives!: The High Life and Hard Times of Charlie (Yardbird) Parker,Ross Russell,"1996, Da Capo Press"
0520237374,Exploring Consciousness,Rita Carter,"2002, University of California Press"
0571198864,The Life Stone of Singing Bird,Melody Henion Stevenson,"1996, Farrar Straus &amp; Giroux"
0671503731,Deep Six,Clive Cussler,"1984, Simon &amp; Schuster"
3404256840,Offenbarungen.,Douglas E. Winter,"2001, L?翹bbe"
0451457978,Kingdom of the Grail,Judith Tarr,"2000, Roc"
0821775251,An Improper Proposal,Cheryl Bolen,"2004, Zebra Books"
3423780142,Adam und Lisa.,Myron Levoy,"1991, Dtv"
0500241279,On Glory Roads: A Pilgrim's Book About Pilgrimage,Eleanor Munro,"1987, W W Norton &amp; Co Inc"
3446218718,European Quality Award. Praktische Tipps zur Anwendung des EFQM- Modells,Philipp Radtke,"2002, Hanser Fachbuch"
1857970799,Shadows in the Wind,Luanshya Greer,"1993, Trafalgar Square"
1569245509,Bartrams' Encyclopedia of Herbal Medicine,Thomas Bartram,"2002, Marlowe &amp; Company"
0809478110,Mrs. Fields I Love Chocolate! Cookbook: 100 Easy &amp; Irresistible Recipes,Debbi Fields,"1994, Time-Life Books"
0440496039,Wolves of Willoughby Chase (Wolves Chronicles),Joan Aiken,"1987, Yearling Books"
0060006048,Circle of Three #12: Written in the Stars (Circle of Three),Isobel Bird,"2001, Avon"
0850307708,The Reincarnation Workbook: A Complete Course in Recalling Past Lives,J.H. Brennan,"1989, Sterling Pub Co Inc"
0684183560,Short Stories of Ernest Hemingway,Ernest Hemingway,"1985, Holiday House"
0380976765,Been Here and Gone: A Memoir of the Blues,David Dalton,"2000, William Morrow &amp; Company"
0679405607,Tristram Shandy (Everyman's Library Series),Laurence Sterne,"1991, Alfred A. Knopf"
0552146803,Faraway,Lucy Irvine,"2001, Flamingo"
1402521154,The Lovely Bones,Alice Sebold,"2002, Recorded Books"
0425084426,In the Shadow of the Bear,Judith St. George,"1986, Berkley Publishing Group"
0451118626,Mirrors,Kaye Wilson Klem,"1982, New American Library"
0140021566,The Mystic Masseur,V.S. Naipaul,"1993, Penguin USA"
3476017613,Metzler Lexikon Medientheorie / Medienwissenschaft.,John Brookes,"2002, Metzler"
0553283391,AZAZEL,ISAAC ASIMOV,"1990, Spectra"
0345413989,2061: Odyssey Three,Arthur C. Clarke,"1997, Del Rey Books"
0671642901,TRAPPED SEA (HARDY BOYS 75) : TRAPPED SEA (The Hardy Boys Series No. 75),Franklin W. Dixon,"1987, Aladdin"
0451528441,Bhagavad-Gita: The Song of God,Swami Prabhavananda,"2002, Signet Classics"
0394710592,The Gooseberry Fool,James Mc Clure,"1983, Random House Inc"
0595007597,Order of Battle: Hitler's Werewolves,Ib Melchior,"2000, Backinprint.com"
000104687X,"T.S. Eliot Reading \The Wasteland\"" and Other Poems""",T.S. Eliot,"1993, HarperCollins Publishers"
1582342717,Mr. Concerned's Talking Book of Home Therapy,Steven Appleby,"2003, Bloomsbury USA"
0062734083,The Book of Truly Stupid Sports Quotes,Jeff Parietti,"1996, Perennial (HarperCollins)"
1883915007,Print's Best Typography 2: Winning Designs from Print Magazine's National Competition (Print's Best),Linda Silver,"1996, F &amp; W Pubns"
0743442628,Tickled Pink: A Comic Novel,Rita Rudner,"2002, Washington Square Press"
0070569134,Leadership Development,George Shin,"1986, Glencoe McGraw-Hill"
0813526051,Midnight Dreary: The Mysterious Death of Edgar Allan Poe,John Evangelist Walsh,"1998, Rutgers University Press"
0848706838,Creative Ideas for Christmas 1986,Nancy Janice Fitzpatrick,"1986, Oxmoor House"
1550743244,One Gray Mouse,Katherine Burton,"2002, Kids Can Press"
1577790308,Understanding Showmanship: Everything You Need to Know to Win in Showmanship Classes,Laurie Truskauskas,"2001, Alpine Publications"
0385311923,Lightning,DANIELLE STEEL,"1995, Delacorte Press"
0517050005,Crossword Puzzle Dictionary,Outlet,"1988, Random House Value Publishing"
0671534262,LORD OF THE DEAD PROMO W SLAVE OF MY THIRST,Tom Holland,"1997, Pocket"
0898624401,Friedman's Fables (with Booklet),Edwin H. Friedman,"1990, The Guilford Press"
0884412792,Brownie Girl Scout Handbook,Girl Scouts of the United States of America,"1993, Girl Scouts of USA"
0375757333,Basic Writings of Kant (Modern Library Classics),IMMANUEL KANT,"2001, Modern Library"
0373482833,California Copper (Best Of The Best Series),Joan Hohl,"1994, Silhouette"
3458191240,Bambusregen. Haiku und Holzschnitte aus dem 'Kageboshishu'.,Ekkehard May,"1995, Insel"
0307070549,And So to Bed (Golden Tell-A-Tale Book),Melanie Donovan,"1989, Golden Books"
0843926228,Spawn,Shaun Hutson,"1988, Leisure Books"
0140063927,Three Men on the Bummel,Jerome K. Jerome,"1983, Penguin USA"
0380786028,Silver Moon Song,Genell Dellin,"1996, Harper Mass Market Paperbacks (Mm)"
0786831782,The Nursery Rhymes of Winnie the Pooh : A Classic Disney Treasury (Classic Disney Treasury),Various,"1998, Disney Press"
0373872542,Second Chance At Love (Love Inspired),Irene Brand,"2004, Steeple Hill"
1594140871,Fever Dreams,Laura Leone,"2004, Five Star (ME)"
1579620353,The Violent Child: A Novel,Michael Sheridan,"2001, Permanent Press (NY)"
1574882163,War Dogs: A History of Loyalty and Heroism,Michael G. Lemish,"1999, Brasseys"
0696001756,Better Homes and Gardens Patchwork and Quilting (Better homes and gardens books),Not Applicable (Na ),"1977, Meredith Books"
0739430904,An Honorable Man,Rosemary Rogers,"2002, Mira"
1885767404,Angels in the Architecture,Douglas Jones,"1998, Canon Press"
0394757750,Bold Dragoon:  The Life of J.E.B. Stuart,Emory M. Thomas,"1988, Vintage Books USA"
0517375931,Proteus,Outlet,"1985, Random House Value Publishing"
0393979040,Coleridge's Poetry and Prose (Norton Critical Edition),Samuel Taylor Coleridge,"2003, W. W. Norton &amp; Company"
0898653797,Myth-Ing Persons,Lynn Robert Asprin,"1984, Donning Company Publishers"
1563333678,The Torquemada Killer,John Warren,"1995, Rhinoceros Publications"
0373711131,Little Girl Lost,Marisa Carroll,"2003, Harlequin"
3499221969,Der gl?翹ckliche Tod.,Albert Camus,"1997, Rowohlt Tb."
0199166617,Oxford Reading Tree: Stage 7: More Owls Storybooks (Oxford Reading Tree),Alex Brychta,"1994, Oxford University Press"
0525943684,Sharmila's Book,Bharti Kirchner,"1999, Penguin USA"
185487537X,The Mammoth Book of Jack the Ripper,Nathan Braund,"1999, Scarlet (UK)"
1565120612,Where Trouble Sleeps: A Novel,Clyde Edgerton,"1997, Algonquin Books of Chapel Hill"
0373260172,Murder In C Major (Joan Spencer Mysteries),Sara Frommer,"1988, Worldwide Library"
0374221502,Gayelord Hauser's New treasury of secrets,Bengamin Gayelord Hauser,"1974, Farrar"
059044316X,The Cheerleader (Point Thriller),Caroline B. Cooney,"1991, Scholastic Paperbacks (Mm)"
0345335236,Frugal Gourmet,Jeff Smith,"1987, Ballantine Books"
0596000820,Mac OS X: The Missing Manual,David Pogue,"2001, Pogue Press"
0590203088,Building the New School (Tonka (Paperback)),Ann M. Martin,"1995, Scholastic"
0842321624,Let Me Be a Woman,Elizabeth Elliot,"1999, Tyndale House Publishers"
0803291868,My Indian Boyhood,Luther Standing Bear,"1988, University of Nebraska Press"
0375728252,The Collected Short Stories of Louis L'Amour : The Frontier Stories Volume One (Random House Large Print),LOUIS L'AMOUR,"2003, Random House Large Print"
0440409586,A Christmas Sonata,Gary Paulsen,"1994, Yearling Books"
2211069711,L'Ing?穢nieux Hidalgo Don Quichotte de la Manche,Miguel de Cervant?穡s Saavedra,"1999, L'Ecole des loisirs"
0345434455,Out of Order,Bonnie MacDougal,"2000, Ballantine Books"
0861129660,Cheep! Cheep! (Sound Board Books ; No 3401),Gill Guile,"1993, Brimax Books Ltd"
0671043323,PRACTICAL MAGIC,Alice Hoffman,"1998, Simon &amp; Schuster Audio"
1887178449,12 Stories,Guy Davenport,"1997, Counterpoint Press"
8420633909,Seis Problemas Para Don Isidro Parodi (Jorge Luis Borges),Jorge Luis Borges,"1998, Alianza"
0380727617,Who in Hell Is Wanda Fuca?,G.M. Ford,"1996, Avon"
0312958595,Fertile Ground,Charles Wilson,"1996, St. Martin's Press"
086163473X,Our Boat (A Rainy Day Playbook),A.J. Wood,"0, Award Publications"
1575665409,Murder Among Strangers,Jonnie Jacobs,"2000, Kensington Publishing Corp."
0060505710,The Perfect Lover,Stephanie Laurens,"2003, William Morrow"
0821761161,Affairs of the Heart,Candace McCarthy,"1999, Zebra Books"
1559704063,Dying Without God : Francois Mitterand's Meditations On Living and Dying,Franz-Olivier Giesbert,"1998, Arcade Publishing"
0060653388,The Harpercollins Encyclopedia of Catholicism,Richard P. McBrien,"1995, HarperSanFrancisco"
0515131008,Break in,Dick Francis,"2001, Jove Books"
0140234462,Keith Haring Journals,Keith Haring,"1997, Penguin Books"
0440843898,Twenty Ways to Lose Your Best Friend,Marilyn Singer,"1990, Trumpet Club Special Edition"
0060503580,Contact Imminent,Kristine Smith,"2003, Eos"
0380476479,Wingmen,Ensan Case,"1979, Avon"
0743222989,Authentic Happiness : Using the New Positive Psychology to Realize Your Potential for Lasting Fulfillment,Martin Seligman,"2004, Free Press"
1550378147,Made You Look: How Advertising Works and Why You Should Know,Shari Graydon,"2003, Annick Press"
0821720554,Passion's Whisper,Berde Darnell,"1987, Kensington Publishing Corporation"
0809225034,Talking the Winner's Way: 92 Little Tricks for Big Success in Business and Personal Relationships,Leil  Lowndes,"1999, McGraw-Hill"
0862030129,Bridget and William (Blackbird Books),Jane Gardam,"1981, Random House Children's Books (A Division of Random House Group)"
0684842106,Terminal Event : A Novel,James S Thayer,"1999, Simon &amp; Schuster"
1860118518,Brussels (City Guides),Antony Mason,"2002, Cadogan Guides"
0465000975,The Alcoholic Family,Peter Steinblass,"1987, Basic Books"
0679408908,Lost in Yonkers,Neil Simon,"1992, Random House"
2020042592,La Convivialit?穢,Ivan Illich,"2003, Seuil"
0345260112,Valentina,Michaels,"1978, Not Avail"
0373251904,Listen With Your Hea (Harlequin Temptation),Jane Edwards,"1985, Harlequin"
0440150167,Love and War,John Jakes,"1985, Dell Publishing Company"
0571195466,Happy Like Murderers,Gordon Burn,"1998, Faber and Faber Ltd"
034073342X,Rock N Roll Suicide,P.P. Hartnett,"2002, Sceptre"
042513234X,The Man from Barbarossa,John Gardner,"1992, Berkley Publishing Group"
0070488975,Lotus 1-2-3 Release 2.2 (O'Leary Lab Modules S.),Timothy O'Leary,"1993, McGraw-Hill Education"
0345451295,Southern Living (Ballantine Reader's Circle),AD HUDLER,"2003, Ballantine Books"
3453187172,Das Bordbuch.,Christoph Kolumbus,"2001, Heyne"
0380709902,Foreign Affairs,Alison Lurie,"1995, Quill (HarperCollins)"
3596148650,Simon.,Marianne Fredriksson,"2000, Fischer (Tb.)"
0679459626,Flesh and Blood,Jonathan Kellerman,"2001, Random House"
0690042426,Quarterback,George Sullivan,"1982, Crowell"
0893751081,Puss in Boots,Charles Perrault,"1979, Troll Communications"
0890661634,Simply Understanding the Bible,Irving L Jensen,"1990, World Wide Pubns"
2877142108,Les Diaboliques (French Language Edition),Barbey D'Aurevilly,"1999, Brooking International"
0373650108,Cinderella Story  (36 Hours) (Harlequin 36 Hours),Elizabeth August,"1997, Harlequin"
0436203804,The Saskiad,Brian Hall,"1997, Secker &amp; Warburg"
0786911719,Realms of Mystery (Forgotten Realms),Philip Athans,"1998, Wizards of the Coast"
0310239729,A Step Further,Steve Estes,"1982, Zondervan Publishing Company"
0399136592,Rock Solid: Two Cops' Obsessive Manhunt for One of America's Most Dangerous Criminals,Frank Bose,"1992, Putnam Pub Group"
0848714792,The Bubba Gump Shrimp Co. Cookbook: Recipes &amp; Reflections from Forrest Gump,Winston Groom,"1994, Oxmoor House"
0465016103,The Other Path: The Economic Answer to Terrorism,Hernando De Soto,"2002, Perseus Books Group"
0441115039,A Cold Blue Light,Marvin Kaye,"1983, Ace Books"
0889994234,Best of Wilfred Grenfell,Grenfell,"1990, Lancelot Pr Ltd"
1929998147,Breakfast After Noon,Andi Watson,"2001, Oni Press"
3423130148,Es geht seinen Gang oder M?翹hen in unserer Ebene.,Erich Loest,"2002, Dtv"
1888173408,Fairy Tale (Common Reader Editions),Alice Thomas Ellis,"2001, Akadine Press"
0312929870,Grinding It Out: The Making of McDonald's,Ray Kroc,"1990, St. Martin's Press"
068985627X,Star Trek: Nemesis,John Vornholt,"2002, Aladdin Library"
0139428976,Unofficial Guide to Disneyland (Frommer's Unofficial Guides),Bob Sehlinger,"1988, Prentice Hall"
014086234X,Rebound: The Odyssey of Michael Jordan (Penguin Audiobooks),Bob Greene,"1995, Penguin Highbridge Audio"
0515116866,Someone to Love (A New Camfield Novel of Love ; 144),Barbara Cartland,"1995, Jove Books"
8807811510,Segni D'oro (La Strega E Il Capitano),Domenico Starnone,"0, Feltrinelli"
0352316977,The Irish,Doris Flood-Ladd,"1986, Virgin Books"
1592799779,Facade,Patricia A. Rasey,"2002, Amber Quill Press"
0385492995,The Intuitionist,Colson Whitehead,"1998, Anchor Books/Doubleday"
0679402160,Vanessa Redgrave: An Autobiography,Vanessa Redgrave,"1994, Random House Inc"
1869928318,Pan's Daughter - the magical world of Roseleen Norton,Nevill Drury,"1995, Mandrake of Oxford"
0395204453,A Field Guide to Edible Wild Plants of Eastern and Central North America (Peterson Field Guides (Hardcover)),Lee Peterson,"1978, Houghton Mifflin Company"
0062507621,Sacred Path Cards: The Discovery of Self Through Native Teachings,Jamie Sams,"1990, HarperSanFrancisco"
0441261825,Fuzzy Bones,William Tuning,"1982, Ace Books"
0373261551,Apostrophe Thief,Barbara Paul,"1994, Worldwide Library"
0060527412,For the First Time,Kathryn Smith,"2003, Avon"
189094808X,Clicking With Your Dog: Step-By-Step in Pictures,Peggy Tillman,"2001, Sunshine Books."
3446200452,Der Unsichtbare. ( Ab 13 J.).,Mats Wahl,"2001, Carl Hanser Verlag"
0198710445,Beowulf: A Student Edition,George Jack,"1994, Oxford University Press"
3458326685,Der Spieler.,Fjodor Michailowitsch Dostojewski,"1996, Insel"
0449701395,Seven Minutes in Heaven,Jane Bernstein,"1986, Fawcett Books"
1575662868,The Cincinnati Red Stalkings (Mickey Rawlings Baseball Mystery),Troy Soos,"1998, Kensington Publishing Corporation"
0451093763,Tom Sullivan's Adventures in Darkness,Derek L. Gill,"1983, NAL/Dutton"
0553157655,The Friendship and the Gold Cadillac,MILDRED D. TAYLOR,"1989, Skylark"
0670031976,The Happiness Code,Amy Herrick,"2003, Viking Books"
0425071650,Shatterday,Harlan Ellison,"1983, Berkley Pub Group"
0263823229,An Innocent Deceit (Historical Romance: Regency),Gail Whitiker,"2000, Harlequin Mills &amp; Boon Ltd"
038071177X,Wall Around Eden,Joan Slonczewski,"1990, Harper Mass Market Paperbacks (Mm)"
0451144341,Bylines,Joyce Carlow,"1986, New American Library"
0399529209,Lord of the Flies,William Golding,"2003, Perigee Books"
0966894022,Church of the Dog,Kaya McLaren,"2001, Daybue Publishing"
0375421408,Sap Rising,Christine Lincoln,"2001, Pantheon Books"
0892131284,The Higher Taste: A Guide to Gourmet Vegetarian Cooking and a Karma-Free Diet,A. C. Bhaktivedanta Swami Prabhupada et al.,"1991, Bhaktivedanta Book Trust"
1551669072,Desperate Measures (Barbara Holloway Novels (Paperback)),Kate Wilhelm,"2002, Mira"
0517582724,Marvelous Monikers: People Behind More Than 400 Words and Expressions,Tad Tuleja,"1991, Three Rivers Press (CA)"
158243252X,The Smallest Color,Bill Roorbach,"2002, Counterpoint Press"
0849385237,Handbook of Applied Cryptography,Alfred J. Menezes,"1996, CRC Press"
1560100702,The Art of Framing (Artist's Library Series),Charlene Brown,"1991, Walter Foster Publishing"
031227274X,My Darling Elia,Eugenie Melnyk,"2001, St. Martin's Griffin"
0773049835,Canadian Essay,Gerald Lynch,"1991, Addison Wesley Pub Ltd"
0840791712,The Lord's Blessings/Hope and Peace for Those in Recovery,Isabel Anders,"1992, Thomas Nelson Inc"
0821752979,Rogues and Rakes,Donna Bell,"1996, Zebra Books"
0345372948,No One Rides for Free,Larry Beinhart,"1993, Fawcett Books"
0688162800,Molly's Pilgrim (rpkg),Barbara Cohen,"1998, HarperTrophy"
0399146229,The Mineral Palace,Heidi Julavits,"2000, Penguin Putnam"
0130600318,A History of Modern Germany: 1871 to Present (5th Edition),Dietrich Orlow,"2001, Prentice Hall"
0030615240,Cube Games,Don Taylor,"1981, Henry Holt &amp; Co"
0739434489,Catching Midnight,Emma Holly,"2003, Jove Books"
0446607223,Shadows on the Aegean,Suzanne Frank,"1999, Warner Books"
0671836226,HIDE AND SEEK,Kelli M. Gary,"1982, Pocket"
0671252755,IN 25 WDS LESS   P (Fireside Books (Holiday House)),Gloria Rosenthal,"1980, Fireside"
0739306510,The Last Juror,JOHN GRISHAM,"2004, Random House Audio"
0425046648,Psi Hunt,Michael Kurland,"1980, Berkley Publishing Group"
0195041321,Willa Cather: The Emerging Voice,Sharon O'Brien,"1987, Oxford University Press"
0670880957,The Beach: The History of Paradise of Earth,Lena Lencek,"1998, Penguin USA"
0312530722,The Messiah Book: The Life and Times of G. F. Handel's Greatest Hit,Peter Jacobi,"1982, St Martins Pr"
1853263842,Dictionary of Pirates,J. Rogozinski,"1999, Lb May &amp; Assoc Inc"
038509793X,Self-taught chess for beginners and intermediates,Milton Finkelstein,"1975, Doubleday"
0809459124,Raising a Happy Child (Successful Parenting),Not Applicable (Na ),"1986, Warner Books Inc"
0345392779,Cats by Gross,S. Gross,"1995, Ballantine Books"
055314488X,Thoreau: Walden and Other Writings,Henry David Thoreau,"1980, Bantam Books (Mm)"
0060926317,Mutant Message Down Under,Marlo Morgan,"1995, Perennial"
051767582X,Traditional Irish Recipes,John Murphy,"1989, Kilkenny Press"
0140367438,The Enchanted Castle (Puffin Classics),E. Nesbit,"2004, Puffin Books"
0671541013,POSSESSIONS,Judith Michael,"1985, Pocket"
0684196360,Witches' Bane,Susan Wittig Albert,"1993, Simon &amp; Schuster"
0831710136,Inventions (Breakthroughs in Science),Carol J. Amato,"1992, Smithmark Publishers"
0590102346,Sharks,Ann McGovern,"1977, Scholastic Incorporated"
0723234639,The Tale of Benjamin Bunny (The Original Peter Rabbit Books),Beatrix Potter,"1987, Puffin Books"
0062734784,Halliwell's Filmgoer's Companion (12th ed),Leslie Halliwell,"1997, HarperCollins Publishers"
085263692X,Josiah Wedgwood (Lifelines),Richard Tames,"1989, Shire Publications"
0192817418,Lady Audley's Secret (World's Classics),M. E. Braddon,"1987, Oxford University Press"
0875081886,Rees Howells: Intercessor,Norman Grubb,"1997, Christian Literature Crusade"
0821766279,The Moonlight Wish (Zebra Regency Romance),Janice Bennett,"2000, Zebra Books"
0821774069,Straight to the Heart,Bobby Hutchinson,"2003, Zebra Books"
0029345707,PROCESS AND REALITY (Gifford Lectures Delivered in the University of Edinburgh During the Session 1927-28),Alfred North Whitehead,"1979, Free Press"
193156146x,The Time Traveler's Wife,Audrey Niffenegger,"2003, MacAdam/Cage Publishing"
0060277556,Bachelor Girl (The Rose Years),Roger Lea MacBride,"1999, HarperCollins Children's Books"
1586609807,On Tour: The Perfect Girl-What Happens When You Get Everything You Want-And It Isn't Enough,Barb Huff,"2003, Barbour Publishing"
076534775X,Seventh Son (Alvin Maker),Orson Scott Card,"2003, Tor Fantasy"
0373614810,Mack Bolan: Deep Treachery,Don Pendleton,"2001, Gold Eagle"
3453187105,Nibelungengold.,Kai Meyer,"2001, Heyne"
0380818418,Year's Best Fantasy (Volume 2),David G. Hartwell,"2002, Eos"
0312869169,The First Swords,Fred Saberhagen,"1999, Tor Books"
0787228478,Health Healing and Amuse System,Paul McGhee,"1996, Kendall/Hunt Publishing Company"
0816745250,The Phantom of Five Chimneys,Betty Ren Wright,"1998, Troll Communications"
1558176535,Future Eden,J.M. Morgan,"1992, Pinnacle Books (Mm)"
0753804786,To the Frontier,Geoffrey Moorehouse,"0, Firebird Distributing"
0609608924,To Be Someone,Louise Voss,"2001, Crown Publishers"
0451182502,Scotland Yard,Robert Fleming,"1995, Signet"
0316104221,Arthur Rocks with Binky,Marc Tolon Brown,"1999, Little Brown and Company"
3150089573,El Greco Malt Den Grossinquisi,Andres,"1998, Philipp Reclam"
0938077511,The Diamond That Cuts Through Illusion: Commentaries on the Prajnaparamita Diamond Sutra,Thich Nhat Hanh,"1992, SCB Distributors"
0821753606,Whispers,Lisa Jackson,"1996, Zebra Books"
0345428196,Outfoxed,Rita Mae Brown,"2000, Ballantine Books"
0866221956,The Proper Care of Guinea Pigs,Peter Gurney,"1993, TFH Publications"
0553246682,Pure Blood,Mike McQuay,"1985, Bantam Books"
0675208033,Skills for preschool teachers,Janice J Beaty,"1988, Merrill Pub. Co"
0380818809,Deep Fathom,James Rollins,"2001, HarperTorch"
0671739794,Twin Of Fire,Jude Deveraux,"1991, Pocket"
0060196491,The Stories of Richard Bausch,Richard Bausch,"2003, HarperCollins"
0345252985,Merlin's godson,H. Warner Munn,"1976, Ballantine Books"
0809239965,Baby Blues: This is Going to be Tougher Than We Thought,Rick  Kirkman,"1991, McGraw-Hill/Contemporary Books"
0836246217,Mary Engelbreit'S Home Companion Book,Mary Engelbreit,"1994, Andrews McMeel Publishing"
3548209793,Hat der Mensch W羹rzeln?: Autobiographische Texte,Christine Br羹ckner,"1988, Ullstein"
1888608978,Nevada Gardener's Guide,Linn Mills,"2001, Cool Springs Press"
0864170106,By My Own Authority,Marian Pretzel,"1985, Intl Specialized Book Service"
0505520753,Winter Roses,Lynda Trent,"1996, Love Spell"
192855623X,Turn South at the Next Magnolia : Directions from a Lifelong Southerner,Nan Graham,"2000, Coastal Carolina Press"
0425134350,Patriot Games,Tom Clancy,"1992, Berkley Publishing Group"
2070329135,Existentialisme Est Un Humanisme,Jean Paul Sartre,"0, Folio"
0394588592,Age of Iron,J.M. Coetzee,"1990, Random House Inc"
0380732130,Aaron Approximately,Zachary Lazar,"1999, Quill"
0671450123,7 MINUTES,Unknown,"1982, Pocket"
843392480X,El Quincornio,Miquel de Palol,"2001, Anagrama"
0451168240,Iron Tower Trilogy #01 Dark,Dennis L. McKiernan,"1985, Roc"
0380776049,To Love a Dark Lord (An Avon Romantic Treasure),Anne Stuart,"1994, Harper Mass Market Paperbacks (Mm)"
039913574X,Tell Me More,Larry King,"1990, Putnam Pub Group"
067082982x,The Dark Half,Stephen King,"1992, Viking Books"
0553576097,Slicky Boys,Martin Limon,"1998, Bantam Books"
0843951702,The Only One,Christine Feehan,"2003, Leisure Books"
0689803710,A Big Operation (The Busy World of Richard Scarrry),Richard Scarry,"1995, Simon Spotlight"
0426205081,Dragons' Wrath (The New Adventures Series),Justin Richards,"1997, Virgin Publishing"
055325944X,Pretty in Pink,H.B. Gilmour,"1986, Bantam Books"
031215223X,A Timely Death,Janet Neel,"1997, St Martins Pr"
1558503641,The Everything Wedding Vows Book; Anything and everything you could possibly say at the altar-and then some,Janet Anastasio,"1995, Adams Media Corp"
0060192259,Irreconcilable Differences,Lia Matera,"1999, HarperCollins Publishers"
0060974893,Rome and a Villa,Eleanor Clark,"1992, Harpercollins"
038080560X,Touching Spirit Bear,Ben Mikaelsen,"2002, HarperTrophy"
0449204766,Murder in the Supreme Court (Capital Crime Mysteries),Margaret Truman,"1984, Ballantine Books"
0805046674,Peter Nevsky and the True Story of the Russian Moon Landing: A Novel,John Calvin Batchelor,"1996, Henry Holt &amp; Co"
0670842443,Hearthstrings: How to Make Decorative Garlands for All Seasons,Carol Cruess Pflumm,"1993, Penguin USA"
1555216803,Cat Crimes I (Cat Crimes),Martin H. Greenberg,"1994, Book Sales"
0613293452,Silverthorn (Riftwar Saga),Raymond E. Feist,"2001, Sagebrush Bound"
0440483077,Story of Dr. Dolittle,Hugh Lofting,"1969, Yearling Books"
0842302689,June (Brides of the West #2),Lori Copeland,"1999, Heartquest"
0415914817,Serial Killers: Death and Life in America's Wound Culture,Mark Seltzer,"1998, Routledge"
0671039733,Carrie,Stephen King,"2000, Pocket"
343103523X,Der steinerne Kreis.,Jean-Christophe Grange,"2002, Ehrenwirth Verlag"
0764115758,The Dog Lover's Survival Guide,Karen Commings,"2001, Barron's Educational Series"
1931561664,Beautiful Girls,Beth Ann Bauman,"2004, MacAdam/Cage Publishing"
4770029578,In the Miso Soup,Ryu Murakami,"2004, Kodansha International (JPN)"
0449150100,Going Out in Style: A Lady Margaret Priam Mystery (Lady Margaret Priam Mysteries),Joyce Christmas,"1998, Fawcett Books"
0486239772,Games and Fun With Playing Cards,Joseph Leeming,"1980, Dover Publications"
0843949465,Blood on the Arch,Robert J. Randisi,"2001, Leisure Books"
0961539011,Where's Mom Now That I Need Her?: Surviving Away from Home,Kent P. Frandsen,"2003, Aspen West Publishing"
0671887696,THOUGHTS FROM THE SEAT OF THE SOUL,Gary Zukav,"1994, Fireside"
0679600744,The Complete Novels and Selected Tales (Modern Library),Nathaniel Hawthorne,"1993, Modern Library"
0970693818,Honest to God : A Change of Heart That Can Change the World,Brad Blanton,"2001, SparrowHawk Publications"
029783388X,Torvill and Dean: Fire on Ice,Ned Wilson,"1994, Orion Publishing Co"
1883869234,Post &amp; Park: A Brief Illustrated History of the Presidio of San Francisco,Stephen A. Haller,"1997, Golden Gate National Parks Association"
8426105726,Lev獺ntate y anda,Rafael P矇rez y P矇rez,"1979, Editorial Juventud"
0553299328,Sixteen and Dying (One Last Wish),Lurlene McDaniel,"1992, Bantam"
0809245868,Dimensions: A Casebook of Alien Contact,Jacques Vallee,"1988, McGraw-Hill"
1899197354,Swan,Gudbergur Bergsson,"1998, Mare's Nest"
3426614480,Der gr?翹ne See.,Maeve Binchy,"1999, Droemer Knaur"
0778320324,Pale Moon Rising (Mira),Ginna Gray,"2004, Mira"
842700611X,Biorritmos: El Secreto De Nuestros Mejores Dias,Roman J. Cano,"1986, Lectorum Pubns (J)"
2843040175,L'art de la sieste (Grain d'orage),Thierry Paquot,"1998, Zulma"
0590446517,Sarah Bishop (Point),Scott O'Dell,"1991, Scholastic"
1590071212,Jane Eyre,Charlotte Bronte,"2002, New Millenium Audio"
0668058072,Vocabulary Builder and Verbal Aptitude Test Guide,Walter James Miller,"1984, ARCO"
0471969478,Workflow Handbook 1997,Peter  Lawrence,"1997, John Wiley &amp; Sons"
0446384224,Battles of Life and Death,David Hellerstein,"1987, Warner Books"
1859580483,The Black Art,Rollo Ahmed,"1994, Senate Books"
0940985098,Back To Eden,Jethro Kloss,"1997, Lotus Press (WI)"
0060511931,Dragonfly Bones,David Cole,"2003, Avon"
0671028413,One Tough Cop : The Bo Dietl Story,Bo Dietl,"1998, Pocket"
0070378665,Blood and Sable,Carol J. Kane,"1988, McGraw-Hill"
3423032294,DTV-Atlas zur Philosophie: Tafeln und Texte,Peter Kunzmann,"1991, Deutscher Taschenbuch Verlag"
1565049721,Predator &amp; Prey: Jury (Vampire: The Masquerade Predator &amp; Prey),Gherbod Fleming,"2001, White Wolf Publishing"
1860642578,Islam Today: A Short Introduction to the Muslim World,Akbar S. Ahmed,"1999, I. B. Tauris &amp; Company"
0890878226,Totally Lobster (Totally Seafood Series),Helene Siegel,"1997, Celestial Arts"
0441117112,Contrariwise (Ace Fantasy Special),Zohra Greenhalgh,"1989, Ace Books"
3499228114,Die sch?繞nen Seiten der Angst. Das Lesebuch des Nervenkitzels.,Wolfgang H?瞻mmerling,"2000, Rowohlt Tb."
0698119185,Queen's Own Fool: A Novel of Mary Queen of Scots,Jane Yolen,"2001, Putnam Publishing Group"
1567186629,"How to Do Automatic Writing (Llewellyn's \How-to\"" Vanguard)""",Edain McCoy,"1994, Llewellyn Publications"
0380793482,Letters from Camp,Kate Klise,"2000, HarperTrophy"
0435281674,First Certificate Language Practice (Without Key),Michael Vince,"1996, Macmillan Education"
0760720118,Using Feng Shui,Antonia Beattie,"0, Barnes Noble Books"
1563335352,Diesel Fuel: Passionate Poetry,Pat Califia,"1997, Masquerade Books Inc"
0060803495,Schools Without Failure (Perennial Library),William Glasser,"1975, HarperCollins Publishers"
087106622X,Pennsylvania: Off the beaten path (Off the Beaten Path Pennsylvania),Sara Pitzer,"1989, Globe Pequot Press"
0843939192,A Wilderness Christmas,Madeline Baker,"1995, Leisure Books"
0373501056,Edge of Violence,Suzanne Clausse,"1980, Mystique"
0140621776,The Small House at Allington (Penguin Popular Classics),Anthony Trollope,"1995, Penguin Books Ltd"
0814455476,Sacked!: What to do when you lose your job,Dean B Peskin,"1979, AMACOM"
0571179312,Why Do Women Write More Letters Than They Post?,Darian Leader,"1997, Faber and Faber Ltd"
1557481520,The Family Book of Manners,Hermine Hartley,"1990, Barbour Publishing"
0888995903,Boy O'Boy,Brian Doyle,"2003, Douglas &amp; McIntyre Ltd"
0451201612,Miss Lacey's Last Fling,Candice Hern,"2001, New American Library"
1567312160,History of the Arab Peoples,Hourani,"1997, MJF Books"
0853301352,Spirit of Masonry,Foster Bailey,"1979, Lucis Pub"
2070394387,La Peste,Albert Camus,"1996, Gallimard"
0312982305,The Wedding Night (A Kenyon Family Novel),Barbara Dawson Smith,"2004, St. Martin's Paperbacks"
1557043671,The Truman Show: The Shooting Script,Andrew Niccol,"1998, Newmarket Press"
9129590647,Linnea's Windowsill Garden,Cristina Bjork,"1988, R &amp; S Books"
0663307791,Lizard to Start With (Workbook),D. Clymer,"1976, Silver Burdett &amp; Ginn"
3596215226,Schachnovelle,Stefan Zweig,"0, Fischer Taschenbuch Verlag"
0396086926,The Party Killer,Hugh Pentecost,"1986, Dodd Mead"
0312965028,Moody Gets the Blues (Moody Gets Blues),Steve Oliver,"1998, St. Martin's Press"
3462029649,Das jetzt- Tagebuch Losleben.,Rudolf Spindler,"2000, Kiepenheuer &amp; Witsch"
0553171550,Damianos's Lute,R. A. MacAvoy,"1985, Transworld Publishers Ltd"
0385495080,The Meadowlands: Wilderness Adventures on the Edge of a City,Robert Sullivan,"1999, Anchor Books/Doubleday"
0877954755,Murder in the Smithsonian: A Novel,Margaret Truman,"1983, Arbor House Pub Co"
0060923660,The Unmade Bed: Sensual Writing on Married Love,Laura Chester,"1993, HarperCollins"
0671640674,Judge Benjamin the Superdog Rescue,Judith W Mcinerney,"0, Simon Schuster Trade"
0273645919,Funky Business: Talent Makes Capital Dance,Jonas Ridderstrale,"2000, Financial Times Prentice Hall"
1577488458,A Harvest of Joy (Harvest Of...),Rebekah Montgomery,"2000, Promise Press"
0140286810,Blood and Vengeance: One Family's Story of the War in Bosnia,Chuck Sudetic,"1999, Penguin Books"
0394800915,Dr. Seuss' Sleep Book,Dr. Seuss,"1962, Random House Children's Books"
